PRAGMA foreign_keys=OFF;
BEGIN TRANSACTION;
CREATE TABLE Quizzes (
    id INTEGER PRIMARY KEY AUTOINCREMENT,
    title TEXT NOT NULL,
    description TEXT
);
INSERT INTO Quizzes VALUES(1,'World History','World History');
INSERT INTO Quizzes VALUES(2,'Science Discoveries','Science Discoveries');
INSERT INTO Quizzes VALUES(3,'Literature','Literature');
INSERT INTO Quizzes VALUES(4,'Movies','Movies');
INSERT INTO Quizzes VALUES(5,'Music and Instruments','Music and Instruments');
INSERT INTO Quizzes VALUES(6,'Computer Science','Computer Science');
INSERT INTO Quizzes VALUES(7,'Geography','Geography');
INSERT INTO Quizzes VALUES(8,'Sports','Sports');
INSERT INTO Quizzes VALUES(9,'Art and Artists','Art and Artists');
INSERT INTO Quizzes VALUES(10,'Cooking and Food','Cooking and Food');
CREATE TABLE Questions (
id INTEGER PRIMARY KEY AUTOINCREMENT,
content TEXT NOT NULL,
quiz_id INTEGER, Subject TEXT,
FOREIGN KEY (quiz_id) REFERENCES Quizzes(id)
);
INSERT INTO Questions VALUES(1,'Who was the first emperor of China?',1,'World History');
INSERT INTO Questions VALUES(2,'What year did the Berlin Wall fall?',1,'World History');
INSERT INTO Questions VALUES(3,'Which country gifted the Statue of Liberty to the USA?',1,'World History');
INSERT INTO Questions VALUES(4,'What was the main cause of World War I?',1,'World History');
INSERT INTO Questions VALUES(5,'Who discovered America?',1,'World History');
INSERT INTO Questions VALUES(6,'What does DNA stand for?',2,'Science Discoveries');
INSERT INTO Questions VALUES(7,'Who developed the theory of relativity?',2,'Science Discoveries');
INSERT INTO Questions VALUES(8,'What is the chemical symbol for gold?',2,'Science Discoveries');
INSERT INTO Questions VALUES(9,'Who invented the telephone?',2,'Science Discoveries');
INSERT INTO Questions VALUES(10,'What year was Pluto reclassified as a dwarf planet?',2,'Science Discoveries');
INSERT INTO Questions VALUES(11,'Who wrote "1984"?',3,'Literature');
INSERT INTO Questions VALUES(12,'What is the main theme of "The Great Gatsby"?',3,'Literature');
INSERT INTO Questions VALUES(13,'Which play by Shakespeare includes the character Puck?',3,'Literature');
INSERT INTO Questions VALUES(14,'In which country does "Anna Karenina" take place?',3,'Literature');
INSERT INTO Questions VALUES(15,'Who is the author of "To Kill a Mockingbird"?',3,'Literature');
INSERT INTO Questions VALUES(16,'Which film won the first Academy Award for Best Picture?',4,'Movies');
INSERT INTO Questions VALUES(17,'Who directed "Pulp Fiction"?',4,'Movies');
INSERT INTO Questions VALUES(18,'What is the highest-grossing film of all time?',4,'Movies');
INSERT INTO Questions VALUES(19,'Which movie features the quote, "I am going to make him an offer he cannot refuse"?',4,'Movies');
INSERT INTO Questions VALUES(20,'Who played the role of Jack in "Titanic"?',4,'Movies');
INSERT INTO Questions VALUES(21,'Who composed the Four Seasons?',5,'Music and Instruments');
INSERT INTO Questions VALUES(22,'What instrument does Yo-Yo Ma famously play?',5,'Music and Instruments');
INSERT INTO Questions VALUES(23,'Which genre of music originated in Jamaica?',5,'Music and Instruments');
INSERT INTO Questions VALUES(24,'Who is known as the King of Pop?',5,'Music and Instruments');
INSERT INTO Questions VALUES(25,'What is the musical term for playing softly?',5,'Music and Instruments');
INSERT INTO Questions VALUES(26,'What does "HTTP" stand for?',6,'Computer Science');
INSERT INTO Questions VALUES(27,'Who is considered the father of computer science?',6,'Computer Science');
INSERT INTO Questions VALUES(28,'What is the binary system used for in computing?',6,'Computer Science');
INSERT INTO Questions VALUES(29,'What is the name of the first computer virus?',6,'Computer Science');
INSERT INTO Questions VALUES(30,'What language is primarily used for web development?',6,'Computer Science');
INSERT INTO Questions VALUES(31,'Which country has the longest coastline?',7,'Geography');
INSERT INTO Questions VALUES(32,'What is the capital of Australia?',7,'Geography');
INSERT INTO Questions VALUES(33,'Which river is the longest in the world?',7,'Geography');
INSERT INTO Questions VALUES(34,'Mount Everest is located in which country?',7,'Geography');
INSERT INTO Questions VALUES(35,'What is the smallest country in the world?',7,'Geography');
INSERT INTO Questions VALUES(36,'Which country won the 2018 FIFA World Cup?',8,'Sports');
INSERT INTO Questions VALUES(37,'What sport does Serena Williams play?',8,'Sports');
INSERT INTO Questions VALUES(38,'How many players are on a baseball team?',8,'Sports');
INSERT INTO Questions VALUES(39,'What is the Olympic motto?',8,'Sports');
INSERT INTO Questions VALUES(40,'In which sport is the Stanley Cup awarded?',8,'Sports');
INSERT INTO Questions VALUES(41,'Who painted the Mona Lisa?',9,'Art and Artists');
INSERT INTO Questions VALUES(42,'What is the main period of Pablo Picasso?',9,'Art and Artists');
INSERT INTO Questions VALUES(43,'Which artist is known for the style of Cubism?',9,'Art and Artists');
INSERT INTO Questions VALUES(44,'What material is the sculpture "David" by Michelangelo made of?',9,'Art and Artists');
INSERT INTO Questions VALUES(45,'Which museum houses Van Gogh "Starry Night"?',9,'Art and Artists');
INSERT INTO Questions VALUES(46,'What is traditionally the main ingredient in gazpacho?',10,'Cooking and Food');
INSERT INTO Questions VALUES(47,'Which country is known for sushi?',10,'Cooking and Food');
INSERT INTO Questions VALUES(48,'What type of food is Gouda?',10,'Cooking and Food');
INSERT INTO Questions VALUES(49,'From which country does poutine originate?',10,'Cooking and Food');
INSERT INTO Questions VALUES(50,'What is a common use for filo pastry?',10,'Cooking and Food');
INSERT INTO Questions VALUES(51,'Which ancient civilization built the pyramids?',1,'World History');
INSERT INTO Questions VALUES(52,'What event marked the beginning of World War II in Europe?',1,'World History');
INSERT INTO Questions VALUES(53,'Who was the first female Prime Minister of the United Kingdom?',1,'World History');
INSERT INTO Questions VALUES(54,'What was the code name for the Allied invasion of Normandy in World War II?',1,'World History');
INSERT INTO Questions VALUES(55,'Who was the first person to orbit the Earth?',1,'World History');
INSERT INTO Questions VALUES(56,'What is the smallest unit of matter?',2,'Science Discoveries');
INSERT INTO Questions VALUES(57,'Who proposed the theory of evolution by natural selection?',2,'Science Discoveries');
INSERT INTO Questions VALUES(58,'What is the formula for Einstein’s theory of mass-energy equivalence?',2,'Science Discoveries');
INSERT INTO Questions VALUES(59,'Who discovered penicillin?',2,'Science Discoveries');
INSERT INTO Questions VALUES(60,'What is the name of the largest particle accelerator in the world?',2,'Science Discoveries');
INSERT INTO Questions VALUES(61,'Which author wrote "The Catcher in the Rye"?',3,'Literature');
INSERT INTO Questions VALUES(62,'What is the famous opening line of "Moby-Dick"?',3,'Literature');
INSERT INTO Questions VALUES(63,'In which novel would you find the character Holden Caulfield?',3,'Literature');
INSERT INTO Questions VALUES(64,'Who wrote the play "Romeo and Juliet"?',3,'Literature');
INSERT INTO Questions VALUES(65,'What is the full title of Charles Dickens novel "Oliver Twist"?',3,'Literature');
INSERT INTO Questions VALUES(66,'Who directed the movie "Schindlers List"?',4,'Movies');
INSERT INTO Questions VALUES(67,'Which movie features the character Hannibal Lecter?',4,'Movies');
INSERT INTO Questions VALUES(68,'Who played the role of Forrest Gump in the movie of the same name?',4,'Movies');
INSERT INTO Questions VALUES(69,'What is the highest-grossing animated film of all time?',4,'Movies');
INSERT INTO Questions VALUES(70,'Which movie won the Academy Award for Best Picture in 2020?',4,'Movies');
INSERT INTO Questions VALUES(71,'Which composer is known as the "Waltz King"?',5,'Music and Instruments');
INSERT INTO Questions VALUES(72,'What instrument does Kenny G play?',5,'Music and Instruments');
INSERT INTO Questions VALUES(73,'Which band released the album "The Dark Side of the Moon"?',5,'Music and Instruments');
INSERT INTO Questions VALUES(74,'Who sang the hit song "Imagine"?',5,'Music and Instruments');
INSERT INTO Questions VALUES(75,'What is the highest male singing voice?',5,'Music and Instruments');
INSERT INTO Questions VALUES(76,'What programming language was created by Guido van Rossum?',6,'Computer Science');
INSERT INTO Questions VALUES(77,'What is the most popular operating system for web servers?',6,'Computer Science');
INSERT INTO Questions VALUES(78,'What does the acronym "SQL" stand for?',6,'Computer Science');
INSERT INTO Questions VALUES(79,'Who invented the World Wide Web?',6,'Computer Science');
INSERT INTO Questions VALUES(80,'What is the function of a compiler?',6,'Computer Science');
INSERT INTO Questions VALUES(81,'Which desert is the largest in the world?',7,'Geography');
INSERT INTO Questions VALUES(82,'What is the tallest mountain in Africa?',7,'Geography');
INSERT INTO Questions VALUES(83,'Which continent is the least populated?',7,'Geography');
INSERT INTO Questions VALUES(84,'What is the capital of Canada?',7,'Geography');
INSERT INTO Questions VALUES(85,'Which river runs through Baghdad?',7,'Geography');
INSERT INTO Questions VALUES(86,'What is the highest possible score in a gymnastics routine?',8,'Sports');
INSERT INTO Questions VALUES(87,'In what year were the first modern Olympic Games held?',8,'Sports');
INSERT INTO Questions VALUES(88,'Which country hosted the 2016 Summer Olympics?',8,'Sports');
INSERT INTO Questions VALUES(89,'Who is the all-time leading goal scorer in FIFA World Cup history?',8,'Sports');
INSERT INTO Questions VALUES(90,'In what year were women allowed to participate in the modern Olympic Games?',8,'Sports');
INSERT INTO Questions VALUES(91,'Which artist is famous for painting the "Girl with a Pearl Earring"?',9,'Art and Artists');
INSERT INTO Questions VALUES(92,'Who designed the iconic glass pyramid at the entrance of the Louvre Museum in Paris?',9,'Art and Artists');
INSERT INTO Questions VALUES(93,'Which art movement did Salvador Dalí belong to?',9,'Art and Artists');
INSERT INTO Questions VALUES(94,'What is the name of the famous sculpture depicting the Greek goddess of love and beauty?',9,'Art and Artists');
INSERT INTO Questions VALUES(95,'Which Italian artist is known for his sculptural masterpiece "David"?',9,'Art and Artists');
INSERT INTO Questions VALUES(96,'Which country is the origin of paella?',10,'Cooking and Food');
INSERT INTO Questions VALUES(97,'What is the primary ingredient in hummus?',10,'Cooking and Food');
INSERT INTO Questions VALUES(98,'What type of cuisine is kimchi associated with?',10,'Cooking and Food');
INSERT INTO Questions VALUES(99,'What is the main ingredient in a traditional Caprese salad?',10,'Cooking and Food');
INSERT INTO Questions VALUES(100,'What is the national dish of Japan?',10,'Cooking and Food');
INSERT INTO Questions VALUES(101,'What empire was known as "the empire on which the sun never sets"?',1,'World History');
INSERT INTO Questions VALUES(102,'In which year did the American Revolutionary War begin?',1,'World History');
INSERT INTO Questions VALUES(103,'Who was the Pharaoh of Egypt during the Exodus?',1,'World History');
INSERT INTO Questions VALUES(104,'What ancient civilization invented the wheel?',1,'World History');
INSERT INTO Questions VALUES(105,'Which treaty ended the Thirty Years'' War?',1,'World History');
INSERT INTO Questions VALUES(106,'Who was the Russian leader during the Cuban Missile Crisis?',1,'World History');
INSERT INTO Questions VALUES(107,'What was the capital of the Inca Empire?',1,'World History');
INSERT INTO Questions VALUES(108,'Which city was the first to be attacked with an atomic bomb?',1,'World History');
INSERT INTO Questions VALUES(109,'Who led the Norman conquest of England?',1,'World History');
INSERT INTO Questions VALUES(110,'What was the main trading route between the East and West called in the Middle Ages?',1,'World History');
INSERT INTO Questions VALUES(111,'What element has the highest melting point?',2,'Science Discoveries');
INSERT INTO Questions VALUES(112,'Which planet is known as the "Morning Star"?',2,'Science Discoveries');
INSERT INTO Questions VALUES(113,'What is the powerhouse of the cell?',2,'Science Discoveries');
INSERT INTO Questions VALUES(114,'Who discovered the circulation of blood?',2,'Science Discoveries');
INSERT INTO Questions VALUES(115,'What is the most abundant gas in the Earth''s atmosphere?',2,'Science Discoveries');
INSERT INTO Questions VALUES(116,'Who first observed the moons of Jupiter?',2,'Science Discoveries');
INSERT INTO Questions VALUES(117,'What particle is known for its uncertainty in position and momentum?',2,'Science Discoveries');
INSERT INTO Questions VALUES(118,'Which vitamin is produced by the human skin in response to sunlight?',2,'Science Discoveries');
INSERT INTO Questions VALUES(119,'What is the term for the number of species living within an ecosystem?',2,'Science Discoveries');
INSERT INTO Questions VALUES(120,'What is the hardest natural substance on Earth?',2,'Science Discoveries');
INSERT INTO Questions VALUES(121,'Who wrote "Pride and Prejudice"?',3,'Literature');
INSERT INTO Questions VALUES(122,'In which century was "Don Quixote" written?',3,'Literature');
INSERT INTO Questions VALUES(123,'Which novel features a character named Jay Gatsby?',3,'Literature');
INSERT INTO Questions VALUES(124,'What is the title of the sequel to "To Kill a Mockingbird"?',3,'Literature');
INSERT INTO Questions VALUES(125,'Which poet wrote "The Road Not Taken"?',3,'Literature');
INSERT INTO Questions VALUES(126,'What is the fictional language created in "A Clockwork Orange"?',3,'Literature');
INSERT INTO Questions VALUES(127,'Who wrote the epic poem "Paradise Lost"?',3,'Literature');
INSERT INTO Questions VALUES(128,'In which novel can you find the character Elizabeth Bennet?',3,'Literature');
INSERT INTO Questions VALUES(129,'What genre is associated with Edgar Allan Poe?',3,'Literature');
INSERT INTO Questions VALUES(130,'Which author created the character Sherlock Holmes?',3,'Literature');
INSERT INTO Questions VALUES(131,'Which movie features a famous dance scene on a large piano?',3,'Movies');
INSERT INTO Questions VALUES(132,'Who starred as the lead in the original "Blade Runner"?',3,'Movies');
INSERT INTO Questions VALUES(133,'What year was the movie "Jurassic Park" released?',3,'Movies');
INSERT INTO Questions VALUES(134,'Which film features the fictional sport of Quidditch?',3,'Movies');
INSERT INTO Questions VALUES(135,'What is the name of the ship in the movie "Titanic"?',3,'Movies');
INSERT INTO Questions VALUES(136,'Who directed "Avatar"?',3,'Movies');
INSERT INTO Questions VALUES(137,'Which movie won the Best Picture Oscar in 1994?',3,'Movies');
INSERT INTO Questions VALUES(138,'What fictional city is the home of Batman?',3,'Movies');
INSERT INTO Questions VALUES(139,'In which movie did Leonardo DiCaprio say the line, "I am the king of the world!"?',3,'Movies');
INSERT INTO Questions VALUES(140,'Who played the role of Neo in "The Matrix"?',3,'Movies');
INSERT INTO Questions VALUES(141,'What is the name of the instrument primarily used in Flamenco music?',5,'Music and Instruments');
INSERT INTO Questions VALUES(142,'Who wrote the opera "The Magic Flute"?',5,'Music and Instruments');
INSERT INTO Questions VALUES(143,'Which musician is famous for playing the electric guitar solo on "Stairway to Heaven"?',5,'Music and Instruments');
INSERT INTO Questions VALUES(144,'What type of voice is higher than tenor?',5,'Music and Instruments');
INSERT INTO Questions VALUES(145,'Which famous jazz musician was known as "Satchmo"?',5,'Music and Instruments');
INSERT INTO Questions VALUES(146,'What instrument is Robert Plant known for playing?',5,'Music and Instruments');
INSERT INTO Questions VALUES(147,'Which musical key features no sharps or flats?',5,'Music and Instruments');
INSERT INTO Questions VALUES(148,'Who is credited with inventing the solid-body electric guitar?',5,'Music and Instruments');
INSERT INTO Questions VALUES(149,'What is the Italian term for gradually speeding up the tempo?',5,'Music and Instruments');
INSERT INTO Questions VALUES(150,'Who composed "Moonlight Sonata"?',5,'Music and Instruments');
INSERT INTO Questions VALUES(151,'Which data structure uses a FIFO method?',6,'Computer Science');
INSERT INTO Questions VALUES(152,'What does "AI" stand for in technology?',6,'Computer Science');
INSERT INTO Questions VALUES(153,'What is the main advantage of using cloud computing?',6,'Computer Science');
INSERT INTO Questions VALUES(154,'Which language is known for its use in artificial intelligence and machine learning?',6,'Computer Science');
INSERT INTO Questions VALUES(155,'What protocol is primarily used for sending email?',6,'Computer Science');
INSERT INTO Questions VALUES(156,'Which device converts digital signals to analog signals and vice versa?',6,'Computer Science');
INSERT INTO Questions VALUES(157,'What is a common method for securing transmitted data?',6,'Computer Science');
INSERT INTO Questions VALUES(158,'Who is credited with creating Linux?',6,'Computer Science');
INSERT INTO Questions VALUES(159,'What does GPU stand for?',6,'Computer Science');
INSERT INTO Questions VALUES(160,'What is the standard markup language used to create web pages?',6,'Computer Science');
INSERT INTO Questions VALUES(161,'Which river flows through Paris?',7,'Geography');
INSERT INTO Questions VALUES(162,'What is the largest island in the world?',7,'Geography');
INSERT INTO Questions VALUES(163,'Which country has the most natural lakes?',7,'Geography');
INSERT INTO Questions VALUES(164,'What is the smallest continent by land area?',7,'Geography');
INSERT INTO Questions VALUES(165,'Which U.S. state has the longest coastline?',7,'Geography');
INSERT INTO Questions VALUES(166,'Which continent contains the most countries?',7,'Geography');
INSERT INTO Questions VALUES(167,'What is the capital of Brazil?',7,'Geography');
INSERT INTO Questions VALUES(168,'Which African nation is completely surrounded by South Africa?',7,'Geography');
INSERT INTO Questions VALUES(169,'Which mountain range separates Europe and Asia?',7,'Geography');
INSERT INTO Questions VALUES(170,'What is the oldest active volcano on Earth?',7,'Geography');
INSERT INTO Questions VALUES(171,'Which sport is known as the "king of sports"?',8,'Sports');
INSERT INTO Questions VALUES(172,'Who holds the record for the most Olympic gold medals?',8,'Sports');
INSERT INTO Questions VALUES(173,'What is the official national sport of Japan?',8,'Sports');
INSERT INTO Questions VALUES(174,'Which country won the most recent FIFA World Cup?',8,'Sports');
INSERT INTO Questions VALUES(175,'In tennis, what is a zero score called?',8,'Sports');
INSERT INTO Questions VALUES(176,'Which sport uses terms like "stale fish" and "ollie"?',8,'Sports');
INSERT INTO Questions VALUES(177,'What is the maximum score in a single frame of bowling?',8,'Sports');
INSERT INTO Questions VALUES(178,'Which athlete is known as "The Great One" in ice hockey?',8,'Sports');
INSERT INTO Questions VALUES(179,'What is the distance of a marathon?',8,'Sports');
INSERT INTO Questions VALUES(180,'Which sport awards the Claret Jug?',8,'Sports');
INSERT INTO Questions VALUES(181,'Who painted "The Night Watch"?',9,'Art and Artists');
INSERT INTO Questions VALUES(182,'Which artist sculpted "The Thinker"?',9,'Art and Artists');
INSERT INTO Questions VALUES(183,'What is the primary period of Rembrandt''s art?',9,'Art and Artists');
INSERT INTO Questions VALUES(184,'Who is known for the pop art piece "Marilyn Diptych"?',9,'Art and Artists');
INSERT INTO Questions VALUES(185,'Which artist is associated with the phrase "Blue Period"?',9,'Art and Artists');
INSERT INTO Questions VALUES(186,'What famous painting resides in the Sistine Chapel?',9,'Art and Artists');
INSERT INTO Questions VALUES(187,'Who designed the Vietnam Veterans Memorial in Washington, D.C.?',9,'Art and Artists');
INSERT INTO Questions VALUES(188,'Which movement is Wassily Kandinsky associated with?',9,'Art and Artists');
INSERT INTO Questions VALUES(189,'Who painted "The School of Athens"?',9,'Art and Artists');
INSERT INTO Questions VALUES(190,'Which artist is famous for the painting "The Persistence of Memory"?',9,'Art and Artists');
INSERT INTO Questions VALUES(191,'What is the main ingredient in bouillabaisse?',10,'Cooking and Food');
INSERT INTO Questions VALUES(192,'From which country does the dish "mole" originate?',10,'Cooking and Food');
INSERT INTO Questions VALUES(193,'Which grain is used to make traditional Italian risotto?',10,'Cooking and Food');
INSERT INTO Questions VALUES(194,'What is the key ingredient in a traditional Bearnaise sauce?',10,'Cooking and Food');
INSERT INTO Questions VALUES(195,'Which fruit is used to make traditional Tarte Tatin?',10,'Cooking and Food');
INSERT INTO Questions VALUES(196,'What type of cuisine is "ceviche" associated with?',10,'Cooking and Food');
INSERT INTO Questions VALUES(197,'What cheese is traditionally used in Greek salad?',10,'Cooking and Food');
INSERT INTO Questions VALUES(198,'Which vegetable is the primary ingredient in baba ganoush?',10,'Cooking and Food');
INSERT INTO Questions VALUES(199,'What is the main ingredient in the Japanese dish "sashimi"?',10,'Cooking and Food');
INSERT INTO Questions VALUES(200,'What is traditionally the main ingredient in ratatouille?',10,'Cooking and Food');
CREATE TABLE Answers (
id INTEGER PRIMARY KEY AUTOINCREMENT,
content TEXT NOT NULL,
is_correct INTEGER NOT NULL,  
question_id INTEGER,
FOREIGN KEY (question_id) REFERENCES Questions(id)
);
INSERT INTO Answers VALUES(1,'Qin Shi Huang',1,1);
INSERT INTO Answers VALUES(2,'Emperor Wu',0,1);
INSERT INTO Answers VALUES(3,'Genghis Khan',0,1);
INSERT INTO Answers VALUES(4,'King George',0,1);
INSERT INTO Answers VALUES(5,'1989',1,2);
INSERT INTO Answers VALUES(6,'1961',0,2);
INSERT INTO Answers VALUES(7,'1945',0,2);
INSERT INTO Answers VALUES(8,'1978',0,2);
INSERT INTO Answers VALUES(9,'France',1,3);
INSERT INTO Answers VALUES(10,'Canada',0,3);
INSERT INTO Answers VALUES(11,'Germany',0,3);
INSERT INTO Answers VALUES(12,'Italy',0,3);
INSERT INTO Answers VALUES(13,'Assassination of Archduke Franz Ferdinand',1,4);
INSERT INTO Answers VALUES(14,'Invention of the internet',0,4);
INSERT INTO Answers VALUES(15,'Discovery of gold in Russia',0,4);
INSERT INTO Answers VALUES(16,'The spread of communism',0,4);
INSERT INTO Answers VALUES(17,'Christopher Columbus',1,5);
INSERT INTO Answers VALUES(18,'Marco Polo',0,5);
INSERT INTO Answers VALUES(19,'Vasco da Gama',0,5);
INSERT INTO Answers VALUES(20,'Leif Erikson',0,5);
INSERT INTO Answers VALUES(21,'Deoxyribonucleic Acid',1,6);
INSERT INTO Answers VALUES(22,'Dynamic Nuclear Alignment',0,6);
INSERT INTO Answers VALUES(23,'Distributed Network Application',0,6);
INSERT INTO Answers VALUES(24,'Dual Node Access',0,6);
INSERT INTO Answers VALUES(25,'Albert Einstein',1,7);
INSERT INTO Answers VALUES(26,'Isaac Newton',0,7);
INSERT INTO Answers VALUES(27,'Nikola Tesla',0,7);
INSERT INTO Answers VALUES(28,'Marie Curie',0,7);
INSERT INTO Answers VALUES(29,'Au',1,8);
INSERT INTO Answers VALUES(30,'Ag',0,8);
INSERT INTO Answers VALUES(31,'Pb',0,8);
INSERT INTO Answers VALUES(32,'Fe',0,8);
INSERT INTO Answers VALUES(33,'Alexander Graham Bell',1,9);
INSERT INTO Answers VALUES(34,'Thomas Edison',0,9);
INSERT INTO Answers VALUES(35,'Guglielmo Marconi',0,9);
INSERT INTO Answers VALUES(36,'Nikola Tesla',0,9);
INSERT INTO Answers VALUES(37,'2006',1,10);
INSERT INTO Answers VALUES(38,'1999',0,10);
INSERT INTO Answers VALUES(39,'1988',0,10);
INSERT INTO Answers VALUES(40,'2001',0,10);
INSERT INTO Answers VALUES(41,'George Orwell',1,11);
INSERT INTO Answers VALUES(42,'Aldous Huxley',0,11);
INSERT INTO Answers VALUES(43,'Ray Bradbury',0,11);
INSERT INTO Answers VALUES(44,'Philip K. Dick',0,11);
INSERT INTO Answers VALUES(45,'The American Dream',1,12);
INSERT INTO Answers VALUES(46,'Love and Marriage',0,12);
INSERT INTO Answers VALUES(47,'War and Peace',0,12);
INSERT INTO Answers VALUES(48,'Technology and Modernization',0,12);
INSERT INTO Answers VALUES(49,'A Midsummer Nights Dream',1,13);
INSERT INTO Answers VALUES(50,'Hamlet',0,13);
INSERT INTO Answers VALUES(51,'Macbeth',0,13);
INSERT INTO Answers VALUES(52,'King Lear',0,13);
INSERT INTO Answers VALUES(53,'Russia',1,14);
INSERT INTO Answers VALUES(54,'France',0,14);
INSERT INTO Answers VALUES(55,'Germany',0,14);
INSERT INTO Answers VALUES(56,'Italy',0,14);
INSERT INTO Answers VALUES(57,'Harper Lee',1,15);
INSERT INTO Answers VALUES(58,'Truman Capote',0,15);
INSERT INTO Answers VALUES(59,'J.D. Salinger',0,15);
INSERT INTO Answers VALUES(60,'Stephen King',0,15);
INSERT INTO Answers VALUES(61,'Wings',1,16);
INSERT INTO Answers VALUES(62,'The Jazz Singer',0,16);
INSERT INTO Answers VALUES(63,'Metropolis',0,16);
INSERT INTO Answers VALUES(64,'Nosferatu',0,16);
INSERT INTO Answers VALUES(65,'Quentin Tarantino',1,17);
INSERT INTO Answers VALUES(66,'Steven Spielberg',0,17);
INSERT INTO Answers VALUES(67,'Martin Scorsese',0,17);
INSERT INTO Answers VALUES(68,'Stanley Kubrick',0,17);
INSERT INTO Answers VALUES(69,'Avatar',1,18);
INSERT INTO Answers VALUES(70,'Avengers: Endgame',0,18);
INSERT INTO Answers VALUES(71,'Titanic',0,18);
INSERT INTO Answers VALUES(72,'Star Wars: The Force Awakens',0,18);
INSERT INTO Answers VALUES(73,'The Godfather',1,19);
INSERT INTO Answers VALUES(74,'Goodfellas',0,19);
INSERT INTO Answers VALUES(75,'The Sopranos',0,19);
INSERT INTO Answers VALUES(76,'Casino',0,19);
INSERT INTO Answers VALUES(77,'Leonardo DiCaprio',1,20);
INSERT INTO Answers VALUES(78,'Brad Pitt',0,20);
INSERT INTO Answers VALUES(79,'Johnny Depp',0,20);
INSERT INTO Answers VALUES(80,'Tom Cruise',0,20);
INSERT INTO Answers VALUES(81,'Antonio Vivaldi',1,21);
INSERT INTO Answers VALUES(82,'Johann Sebastian Bach',0,21);
INSERT INTO Answers VALUES(83,'Wolfgang Amadeus Mozart',0,21);
INSERT INTO Answers VALUES(84,'Ludwig van Beethoven',0,21);
INSERT INTO Answers VALUES(85,'Cello',1,22);
INSERT INTO Answers VALUES(86,'Violin',0,22);
INSERT INTO Answers VALUES(87,'Piano',0,22);
INSERT INTO Answers VALUES(88,'Flute',0,22);
INSERT INTO Answers VALUES(89,'Reggae',1,23);
INSERT INTO Answers VALUES(90,'Blues',0,23);
INSERT INTO Answers VALUES(91,'Jazz',0,23);
INSERT INTO Answers VALUES(92,'Rock',0,23);
INSERT INTO Answers VALUES(93,'Michael Jackson',1,24);
INSERT INTO Answers VALUES(94,'Elvis Presley',0,24);
INSERT INTO Answers VALUES(95,'Prince',0,24);
INSERT INTO Answers VALUES(96,'Freddie Mercury',0,24);
INSERT INTO Answers VALUES(97,'Piano',1,25);
INSERT INTO Answers VALUES(98,'Forte',0,25);
INSERT INTO Answers VALUES(99,'Crescendo',0,25);
INSERT INTO Answers VALUES(100,'Staccato',0,25);
INSERT INTO Answers VALUES(101,'Hypertext Transfer Protocol',1,26);
INSERT INTO Answers VALUES(102,'High Transfer Text Protocol',0,26);
INSERT INTO Answers VALUES(103,'Hyperlink Tracking Protocol',0,26);
INSERT INTO Answers VALUES(104,'Hyper Transfer Protocol',0,26);
INSERT INTO Answers VALUES(105,'Alan Turing',1,27);
INSERT INTO Answers VALUES(106,'Charles Babbage',0,27);
INSERT INTO Answers VALUES(107,'John von Neumann',0,27);
INSERT INTO Answers VALUES(108,'Bill Gates',0,27);
INSERT INTO Answers VALUES(109,'Storing data',1,28);
INSERT INTO Answers VALUES(110,'Speed calculation',0,28);
INSERT INTO Answers VALUES(111,'Enhancing graphics',0,28);
INSERT INTO Answers VALUES(112,'Internet browsing',0,28);
INSERT INTO Answers VALUES(113,'Elk Cloner',1,29);
INSERT INTO Answers VALUES(114,'ILOVEYOU',0,29);
INSERT INTO Answers VALUES(115,'MyDoom',0,29);
INSERT INTO Answers VALUES(116,'Sasser',0,29);
INSERT INTO Answers VALUES(117,'JavaScript',1,30);
INSERT INTO Answers VALUES(118,'Python',0,30);
INSERT INTO Answers VALUES(119,'C++',0,30);
INSERT INTO Answers VALUES(120,'Java',0,30);
INSERT INTO Answers VALUES(121,'Canada',1,31);
INSERT INTO Answers VALUES(122,'Russia',0,31);
INSERT INTO Answers VALUES(123,'China',0,31);
INSERT INTO Answers VALUES(124,'USA',0,31);
INSERT INTO Answers VALUES(125,'Canberra',1,32);
INSERT INTO Answers VALUES(126,'Sydney',0,32);
INSERT INTO Answers VALUES(127,'Melbourne',0,32);
INSERT INTO Answers VALUES(128,'Perth',0,32);
INSERT INTO Answers VALUES(129,'Nile',1,33);
INSERT INTO Answers VALUES(130,'Amazon',0,33);
INSERT INTO Answers VALUES(131,'Yangtze',0,33);
INSERT INTO Answers VALUES(132,'Mississippi',0,33);
INSERT INTO Answers VALUES(133,'Nepal',1,34);
INSERT INTO Answers VALUES(134,'India',0,34);
INSERT INTO Answers VALUES(135,'China',0,34);
INSERT INTO Answers VALUES(136,'Bhutan',0,34);
INSERT INTO Answers VALUES(137,'Vatican City',1,35);
INSERT INTO Answers VALUES(138,'Monaco',0,35);
INSERT INTO Answers VALUES(139,'Nauru',0,35);
INSERT INTO Answers VALUES(140,'Tuvalu',0,35);
INSERT INTO Answers VALUES(141,'France',1,36);
INSERT INTO Answers VALUES(142,'Brazil',0,36);
INSERT INTO Answers VALUES(143,'Germany',0,36);
INSERT INTO Answers VALUES(144,'Argentina',0,36);
INSERT INTO Answers VALUES(145,'Tennis',1,37);
INSERT INTO Answers VALUES(146,'Golf',0,37);
INSERT INTO Answers VALUES(147,'Basketball',0,37);
INSERT INTO Answers VALUES(148,'Soccer',0,37);
INSERT INTO Answers VALUES(149,'9',1,38);
INSERT INTO Answers VALUES(150,'11',0,38);
INSERT INTO Answers VALUES(151,'7',0,38);
INSERT INTO Answers VALUES(152,'5',0,38);
INSERT INTO Answers VALUES(153,'Faster, Higher, Stronger',1,39);
INSERT INTO Answers VALUES(154,'Quick, Bold, Brave',0,39);
INSERT INTO Answers VALUES(155,'Strong, Determined, Enduring',0,39);
INSERT INTO Answers VALUES(156,'Brave, Bold, Beautiful',0,39);
INSERT INTO Answers VALUES(157,'Ice Hockey',1,40);
INSERT INTO Answers VALUES(158,'Basketball',0,40);
INSERT INTO Answers VALUES(159,'Soccer',0,40);
INSERT INTO Answers VALUES(160,'Cricket',0,40);
INSERT INTO Answers VALUES(161,'Leonardo da Vinci',1,41);
INSERT INTO Answers VALUES(162,'Vincent van Gogh',0,41);
INSERT INTO Answers VALUES(163,'Claude Monet',0,41);
INSERT INTO Answers VALUES(164,'Rembrandt',0,41);
INSERT INTO Answers VALUES(165,'Cubism',1,43);
INSERT INTO Answers VALUES(166,'Impressionism',0,43);
INSERT INTO Answers VALUES(167,'Surrealism',0,43);
INSERT INTO Answers VALUES(168,'Expressionism',0,43);
INSERT INTO Answers VALUES(169,'Marble',1,44);
INSERT INTO Answers VALUES(170,'Bronze',0,44);
INSERT INTO Answers VALUES(171,'Wood',0,44);
INSERT INTO Answers VALUES(172,'Clay',0,44);
INSERT INTO Answers VALUES(173,'Museum of Modern Art, New York',1,45);
INSERT INTO Answers VALUES(174,'Louvre Museum, Paris',0,45);
INSERT INTO Answers VALUES(175,'Van Gogh Museum, Amsterdam',0,45);
INSERT INTO Answers VALUES(176,'Prado Museum, Madrid',0,45);
INSERT INTO Answers VALUES(177,'Tomato',1,46);
INSERT INTO Answers VALUES(178,'Cucumber',0,46);
INSERT INTO Answers VALUES(179,'Pepper',0,46);
INSERT INTO Answers VALUES(180,'Onion',0,46);
INSERT INTO Answers VALUES(181,'Japan',1,47);
INSERT INTO Answers VALUES(182,'China',0,47);
INSERT INTO Answers VALUES(183,'Korea',0,47);
INSERT INTO Answers VALUES(184,'Thailand',0,47);
INSERT INTO Answers VALUES(185,'Cheese',1,48);
INSERT INTO Answers VALUES(186,'Bread',0,48);
INSERT INTO Answers VALUES(187,'Sausage',0,48);
INSERT INTO Answers VALUES(188,'Cake',0,48);
INSERT INTO Answers VALUES(189,'Canada',1,49);
INSERT INTO Answers VALUES(190,'USA',0,49);
INSERT INTO Answers VALUES(191,'France',0,49);
INSERT INTO Answers VALUES(192,'Germany',0,49);
INSERT INTO Answers VALUES(193,'Making pastries',1,50);
INSERT INTO Answers VALUES(194,'Thickening sauces',0,50);
INSERT INTO Answers VALUES(195,'Frying',0,50);
INSERT INTO Answers VALUES(196,'Salad dressing',0,50);
INSERT INTO Answers VALUES(197,'Cubism',1,42);
INSERT INTO Answers VALUES(198,'Baroque',0,42);
INSERT INTO Answers VALUES(199,'Rococo',0,42);
INSERT INTO Answers VALUES(200,'Surrealism',0,42);
INSERT INTO Answers VALUES(201,'Egyptians',1,51);
INSERT INTO Answers VALUES(202,'Greeks',0,51);
INSERT INTO Answers VALUES(203,'Romans',0,51);
INSERT INTO Answers VALUES(204,'Mayans',0,51);
INSERT INTO Answers VALUES(205,'Assassination of Archduke Franz Ferdinand',1,52);
INSERT INTO Answers VALUES(206,'Bombing of Pearl Harbor',0,52);
INSERT INTO Answers VALUES(207,'Signing of the Treaty of Versailles',0,52);
INSERT INTO Answers VALUES(208,'Invasion of Poland',0,52);
INSERT INTO Answers VALUES(209,'Margaret Thatcher',1,53);
INSERT INTO Answers VALUES(210,'Angela Merkel',0,53);
INSERT INTO Answers VALUES(211,'Theresa May',0,53);
INSERT INTO Answers VALUES(212,'Jacinda Ardern',0,53);
INSERT INTO Answers VALUES(213,'Operation Overlord',1,54);
INSERT INTO Answers VALUES(214,'Operation Barbarossa',0,54);
INSERT INTO Answers VALUES(215,'Operation Market Garden',0,54);
INSERT INTO Answers VALUES(216,'Operation Torch',0,54);
INSERT INTO Answers VALUES(217,'Yuri Gagarin',1,55);
INSERT INTO Answers VALUES(218,'Neil Armstrong',0,55);
INSERT INTO Answers VALUES(219,'John Glenn',0,55);
INSERT INTO Answers VALUES(220,'Buzz Aldrin',0,55);
INSERT INTO Answers VALUES(221,'Atom',1,56);
INSERT INTO Answers VALUES(222,'Electron',0,56);
INSERT INTO Answers VALUES(223,'Molecule',0,56);
INSERT INTO Answers VALUES(224,'Cell',0,56);
INSERT INTO Answers VALUES(225,'Charles Darwin',1,57);
INSERT INTO Answers VALUES(226,'Isaac Newton',0,57);
INSERT INTO Answers VALUES(227,'Albert Einstein',0,57);
INSERT INTO Answers VALUES(228,'Gregor Mendel',0,57);
INSERT INTO Answers VALUES(229,'E=mc^2',1,58);
INSERT INTO Answers VALUES(230,'F=ma',0,58);
INSERT INTO Answers VALUES(231,'PV=nRT',0,58);
INSERT INTO Answers VALUES(232,'H2O',0,58);
INSERT INTO Answers VALUES(233,'Alexander Fleming',1,59);
INSERT INTO Answers VALUES(234,'Louis Pasteur',0,59);
INSERT INTO Answers VALUES(235,'Robert Koch',0,59);
INSERT INTO Answers VALUES(236,'Jonas Salk',0,59);
INSERT INTO Answers VALUES(237,'Large Hadron Collider',1,60);
INSERT INTO Answers VALUES(238,'Tevatron',0,60);
INSERT INTO Answers VALUES(239,'Relativistic Heavy Ion Collider',0,60);
INSERT INTO Answers VALUES(240,'Linac Coherent Light Source',0,60);
INSERT INTO Answers VALUES(241,'J.D. Salinger',1,61);
INSERT INTO Answers VALUES(242,'Ernest Hemingway',0,61);
INSERT INTO Answers VALUES(243,'F. Scott Fitzgerald',0,61);
INSERT INTO Answers VALUES(244,'Mark Twain',0,61);
INSERT INTO Answers VALUES(245,'Call me Ishmael',1,62);
INSERT INTO Answers VALUES(246,'It was the best of times, it was the worst of times',0,62);
INSERT INTO Answers VALUES(247,'All happy families are alike; each unhappy family is unhappy in its own way',0,62);
INSERT INTO Answers VALUES(248,'Happy families are all alike; every unhappy family is unhappy in its own way',0,62);
INSERT INTO Answers VALUES(249,'The Catcher in the Rye',1,63);
INSERT INTO Answers VALUES(250,'Lord of the Flies',0,63);
INSERT INTO Answers VALUES(251,'To Kill a Mockingbird',0,63);
INSERT INTO Answers VALUES(252,'The Grapes of Wrath',0,63);
INSERT INTO Answers VALUES(253,'William Shakespeare',1,64);
INSERT INTO Answers VALUES(254,'Jane Austen',0,64);
INSERT INTO Answers VALUES(255,'Charles Dickens',0,64);
INSERT INTO Answers VALUES(256,'Leo Tolstoy',0,64);
INSERT INTO Answers VALUES(257,'Oliver Twist or the Parish Boys Progress',1,65);
INSERT INTO Answers VALUES(258,'Great Expectations',0,65);
INSERT INTO Answers VALUES(259,'David Copperfield',0,65);
INSERT INTO Answers VALUES(260,'A Tale of Two Cities',0,65);
INSERT INTO Answers VALUES(261,'Steven Spielberg',1,66);
INSERT INTO Answers VALUES(262,'Quentin Tarantino',0,66);
INSERT INTO Answers VALUES(263,'Martin Scorsese',0,66);
INSERT INTO Answers VALUES(264,'Francis Ford Coppola',0,66);
INSERT INTO Answers VALUES(265,'The Silence of the Lambs',1,67);
INSERT INTO Answers VALUES(266,'Se7en',0,67);
INSERT INTO Answers VALUES(267,'The Usual Suspects',0,67);
INSERT INTO Answers VALUES(268,'Fight Club',0,67);
INSERT INTO Answers VALUES(269,'Tom Hanks',1,68);
INSERT INTO Answers VALUES(270,'Brad Pitt',0,68);
INSERT INTO Answers VALUES(271,'Leonardo DiCaprio',0,68);
INSERT INTO Answers VALUES(272,'Matt Damon',0,68);
INSERT INTO Answers VALUES(273,'Frozen II',1,69);
INSERT INTO Answers VALUES(274,'The Lion King',0,69);
INSERT INTO Answers VALUES(275,'Avengers: Endgame',0,69);
INSERT INTO Answers VALUES(276,'Avatar',0,69);
INSERT INTO Answers VALUES(277,'Parasite',1,70);
INSERT INTO Answers VALUES(278,'Nomadland',0,70);
INSERT INTO Answers VALUES(279,'Joker',0,70);
INSERT INTO Answers VALUES(280,'The Shape of Water',0,70);
INSERT INTO Answers VALUES(281,'Johann Strauss II',1,71);
INSERT INTO Answers VALUES(282,'Wolfgang Amadeus Mozart',0,71);
INSERT INTO Answers VALUES(283,'Ludwig van Beethoven',0,71);
INSERT INTO Answers VALUES(284,'Frédéric Chopin',0,71);
INSERT INTO Answers VALUES(285,'Saxophone',1,72);
INSERT INTO Answers VALUES(286,'Piano',0,72);
INSERT INTO Answers VALUES(287,'Trumpet',0,72);
INSERT INTO Answers VALUES(288,'Guitar',0,72);
INSERT INTO Answers VALUES(289,'Pink Floyd',1,73);
INSERT INTO Answers VALUES(290,'The Beatles',0,73);
INSERT INTO Answers VALUES(291,'Led Zeppelin',0,73);
INSERT INTO Answers VALUES(292,'The Rolling Stones',0,73);
INSERT INTO Answers VALUES(293,'John Lennon',1,74);
INSERT INTO Answers VALUES(294,'Paul McCartney',0,74);
INSERT INTO Answers VALUES(295,'David Bowie',0,74);
INSERT INTO Answers VALUES(296,'Elton John',0,74);
INSERT INTO Answers VALUES(297,'Countertenor',1,75);
INSERT INTO Answers VALUES(298,'Tenor',0,75);
INSERT INTO Answers VALUES(299,'Baritone',0,75);
INSERT INTO Answers VALUES(300,'Bass',0,75);
INSERT INTO Answers VALUES(301,'Python',1,76);
INSERT INTO Answers VALUES(302,'Java',0,76);
INSERT INTO Answers VALUES(303,'C++',0,76);
INSERT INTO Answers VALUES(304,'JavaScript',0,76);
INSERT INTO Answers VALUES(305,'Linux',1,77);
INSERT INTO Answers VALUES(306,'Windows',0,77);
INSERT INTO Answers VALUES(307,'macOS',0,77);
INSERT INTO Answers VALUES(308,'iOS',0,77);
INSERT INTO Answers VALUES(309,'Structured Query Language',1,78);
INSERT INTO Answers VALUES(310,'Simple Query Language',0,78);
INSERT INTO Answers VALUES(311,'Server Query Language',0,78);
INSERT INTO Answers VALUES(312,'Sequential Query Language',0,78);
INSERT INTO Answers VALUES(313,'Tim Berners-Lee',1,79);
INSERT INTO Answers VALUES(314,'Bill Gates',0,79);
INSERT INTO Answers VALUES(315,'Steve Jobs',0,79);
INSERT INTO Answers VALUES(316,'Mark Zuckerberg',0,79);
INSERT INTO Answers VALUES(317,'Translate high-level code into machine code',1,80);
INSERT INTO Answers VALUES(318,'Manage computer resources',0,80);
INSERT INTO Answers VALUES(319,'Store data permanently',0,80);
INSERT INTO Answers VALUES(320,'Connect to the internet',0,80);
INSERT INTO Answers VALUES(321,'Antarctica',1,81);
INSERT INTO Answers VALUES(322,'Arctic',0,81);
INSERT INTO Answers VALUES(323,'Sahara',0,81);
INSERT INTO Answers VALUES(324,'Gobi',0,81);
INSERT INTO Answers VALUES(325,'Mount Kilimanjaro',1,82);
INSERT INTO Answers VALUES(326,'Mount Everest',0,82);
INSERT INTO Answers VALUES(327,'Mount Fuji',0,82);
INSERT INTO Answers VALUES(328,'Mount Elbrus',0,82);
INSERT INTO Answers VALUES(329,'Antarctica',1,83);
INSERT INTO Answers VALUES(330,'Africa',0,83);
INSERT INTO Answers VALUES(331,'Australia',0,83);
INSERT INTO Answers VALUES(332,'South America',0,83);
INSERT INTO Answers VALUES(333,'Ottawa',1,84);
INSERT INTO Answers VALUES(334,'Toronto',0,84);
INSERT INTO Answers VALUES(335,'Vancouver',0,84);
INSERT INTO Answers VALUES(336,'Montreal',0,84);
INSERT INTO Answers VALUES(337,'Tigris',1,85);
INSERT INTO Answers VALUES(338,'Nile',0,85);
INSERT INTO Answers VALUES(339,'Amazon',0,85);
INSERT INTO Answers VALUES(340,'Yangtze',0,85);
INSERT INTO Answers VALUES(341,'10',1,86);
INSERT INTO Answers VALUES(342,'9.5',0,86);
INSERT INTO Answers VALUES(343,'15',0,86);
INSERT INTO Answers VALUES(344,'20',0,86);
INSERT INTO Answers VALUES(345,'1896',1,87);
INSERT INTO Answers VALUES(346,'1900',0,87);
INSERT INTO Answers VALUES(347,'1888',0,87);
INSERT INTO Answers VALUES(348,'1912',0,87);
INSERT INTO Answers VALUES(349,'Brazil',1,88);
INSERT INTO Answers VALUES(350,'China',0,88);
INSERT INTO Answers VALUES(351,'Russia',0,88);
INSERT INTO Answers VALUES(352,'Australia',0,88);
INSERT INTO Answers VALUES(353,'Miroslav Klose',1,89);
INSERT INTO Answers VALUES(354,'Pele',0,89);
INSERT INTO Answers VALUES(355,'Ronaldo',0,89);
INSERT INTO Answers VALUES(356,'Diego Maradona',0,89);
INSERT INTO Answers VALUES(357,'1900',1,90);
INSERT INTO Answers VALUES(358,'1896',0,90);
INSERT INTO Answers VALUES(359,'1920',0,90);
INSERT INTO Answers VALUES(360,'1936',0,90);
INSERT INTO Answers VALUES(361,'Johannes Vermeer',1,91);
INSERT INTO Answers VALUES(362,'Vincent van Gogh',0,91);
INSERT INTO Answers VALUES(363,'Rembrandt',0,91);
INSERT INTO Answers VALUES(364,'Pablo Picasso',0,91);
INSERT INTO Answers VALUES(365,'I. M. Pei',1,92);
INSERT INTO Answers VALUES(366,'Frank Gehry',0,92);
INSERT INTO Answers VALUES(367,'Renzo Piano',0,92);
INSERT INTO Answers VALUES(368,'Zaha Hadid',0,92);
INSERT INTO Answers VALUES(369,'Surrealism',1,93);
INSERT INTO Answers VALUES(370,'Impressionism',0,93);
INSERT INTO Answers VALUES(371,'Cubism',0,93);
INSERT INTO Answers VALUES(372,'Expressionism',0,93);
INSERT INTO Answers VALUES(373,'Venus de Milo',1,94);
INSERT INTO Answers VALUES(374,'The Winged Victory of Samothrace',0,94);
INSERT INTO Answers VALUES(375,'Discobolus',0,94);
INSERT INTO Answers VALUES(376,'Laocoön and His Sons',0,94);
INSERT INTO Answers VALUES(377,'Michelangelo',1,95);
INSERT INTO Answers VALUES(378,'Donatello',0,95);
INSERT INTO Answers VALUES(379,'Leonardo da Vinci',0,95);
INSERT INTO Answers VALUES(380,'Raphael',0,95);
INSERT INTO Answers VALUES(381,'Spain',1,96);
INSERT INTO Answers VALUES(382,'Italy',0,96);
INSERT INTO Answers VALUES(383,'Portugal',0,96);
INSERT INTO Answers VALUES(384,'France',0,96);
INSERT INTO Answers VALUES(385,'Chickpeas',1,97);
INSERT INTO Answers VALUES(386,'Lentils',0,97);
INSERT INTO Answers VALUES(387,'Tahini',0,97);
INSERT INTO Answers VALUES(388,'Eggplant',0,97);
INSERT INTO Answers VALUES(389,'Korean',1,98);
INSERT INTO Answers VALUES(390,'Japanese',0,98);
INSERT INTO Answers VALUES(391,'Chinese',0,98);
INSERT INTO Answers VALUES(392,'Thai',0,98);
INSERT INTO Answers VALUES(393,'Tomatoes',1,99);
INSERT INTO Answers VALUES(394,'Mozzarella',0,99);
INSERT INTO Answers VALUES(395,'Basil',0,99);
INSERT INTO Answers VALUES(396,'Olive oil',0,99);
INSERT INTO Answers VALUES(397,'Sushi',1,100);
INSERT INTO Answers VALUES(398,'Ramen',0,100);
INSERT INTO Answers VALUES(399,'Tempura',0,100);
INSERT INTO Answers VALUES(400,'Teriyaki',0,100);
INSERT INTO Answers VALUES(401,'British Empire',1,101);
INSERT INTO Answers VALUES(402,'France',0,101);
INSERT INTO Answers VALUES(403,'Germany',0,101);
INSERT INTO Answers VALUES(404,'Portugal',0,101);
INSERT INTO Answers VALUES(405,'1775',1,102);
INSERT INTO Answers VALUES(406,'1776',0,102);
INSERT INTO Answers VALUES(407,'1781',0,102);
INSERT INTO Answers VALUES(408,'1765',0,102);
INSERT INTO Answers VALUES(409,'Ramses II',1,103);
INSERT INTO Answers VALUES(410,'Tutankhamun',0,103);
INSERT INTO Answers VALUES(411,'Cleopatra',0,103);
INSERT INTO Answers VALUES(412,'Nefertiti',0,103);
INSERT INTO Answers VALUES(413,'Sumerians',1,104);
INSERT INTO Answers VALUES(414,'Egyptians',0,104);
INSERT INTO Answers VALUES(415,'Greeks',0,104);
INSERT INTO Answers VALUES(416,'Romans',0,104);
INSERT INTO Answers VALUES(417,'Peace of Westphalia',1,105);
INSERT INTO Answers VALUES(418,'Treaty of Versailles',0,105);
INSERT INTO Answers VALUES(419,'Magna Carta',0,105);
INSERT INTO Answers VALUES(420,'Treaty of Tordesillas',0,105);
INSERT INTO Answers VALUES(421,'Nikita Khrushchev',1,106);
INSERT INTO Answers VALUES(422,'Joseph Stalin',0,106);
INSERT INTO Answers VALUES(423,'Vladimir Lenin',0,106);
INSERT INTO Answers VALUES(424,'Leonid Brezhnev',0,106);
INSERT INTO Answers VALUES(425,'Cusco',1,107);
INSERT INTO Answers VALUES(426,'Machu Picchu',0,107);
INSERT INTO Answers VALUES(427,'Lima',0,107);
INSERT INTO Answers VALUES(428,'Quito',0,107);
INSERT INTO Answers VALUES(429,'Hiroshima',1,108);
INSERT INTO Answers VALUES(430,'Nagasaki',0,108);
INSERT INTO Answers VALUES(431,'Tokyo',0,108);
INSERT INTO Answers VALUES(432,'Osaka',0,108);
INSERT INTO Answers VALUES(433,'William the Conqueror',1,109);
INSERT INTO Answers VALUES(434,'Henry VIII',0,109);
INSERT INTO Answers VALUES(435,'Edward I',0,109);
INSERT INTO Answers VALUES(436,'Richard the Lionheart',0,109);
INSERT INTO Answers VALUES(437,'Silk Road',1,110);
INSERT INTO Answers VALUES(438,'Amber Road',0,110);
INSERT INTO Answers VALUES(439,'Spice Route',0,110);
INSERT INTO Answers VALUES(440,'Tea Route',0,110);
INSERT INTO Answers VALUES(441,'Tungsten',1,111);
INSERT INTO Answers VALUES(442,'Iron',0,111);
INSERT INTO Answers VALUES(443,'Gold',0,111);
INSERT INTO Answers VALUES(444,'Silver',0,111);
INSERT INTO Answers VALUES(445,'Venus',1,112);
INSERT INTO Answers VALUES(446,'Mars',0,112);
INSERT INTO Answers VALUES(447,'Jupiter',0,112);
INSERT INTO Answers VALUES(448,'Saturn',0,112);
INSERT INTO Answers VALUES(449,'Mitochondrion',1,113);
INSERT INTO Answers VALUES(450,'Nucleus',0,113);
INSERT INTO Answers VALUES(451,'Ribosome',0,113);
INSERT INTO Answers VALUES(452,'Endoplasmic reticulum',0,113);
INSERT INTO Answers VALUES(453,'William Harvey',1,114);
INSERT INTO Answers VALUES(454,'Isaac Newton',0,114);
INSERT INTO Answers VALUES(455,'Galileo Galilei',0,114);
INSERT INTO Answers VALUES(456,'Robert Hooke',0,114);
INSERT INTO Answers VALUES(457,'Nitrogen',1,115);
INSERT INTO Answers VALUES(458,'Oxygen',0,115);
INSERT INTO Answers VALUES(459,'Carbon dioxide',0,115);
INSERT INTO Answers VALUES(460,'Helium',0,115);
INSERT INTO Answers VALUES(461,'Galileo Galilei',1,116);
INSERT INTO Answers VALUES(462,'Copernicus',0,116);
INSERT INTO Answers VALUES(463,'Kepler',0,116);
INSERT INTO Answers VALUES(464,'Hubble',0,116);
INSERT INTO Answers VALUES(465,'Electron',1,117);
INSERT INTO Answers VALUES(466,'Proton',0,117);
INSERT INTO Answers VALUES(467,'Neutron',0,117);
INSERT INTO Answers VALUES(468,'Photon',0,117);
INSERT INTO Answers VALUES(469,'Vitamin D',1,118);
INSERT INTO Answers VALUES(470,'Vitamin C',0,118);
INSERT INTO Answers VALUES(471,'Vitamin A',0,118);
INSERT INTO Answers VALUES(472,'Vitamin E',0,118);
INSERT INTO Answers VALUES(473,'Biodiversity',1,119);
INSERT INTO Answers VALUES(474,'Biomass',0,119);
INSERT INTO Answers VALUES(475,'Biome',0,119);
INSERT INTO Answers VALUES(476,'Bioactivity',0,119);
INSERT INTO Answers VALUES(477,'Diamond',1,120);
INSERT INTO Answers VALUES(478,'Quartz',0,120);
INSERT INTO Answers VALUES(479,'Ruby',0,120);
INSERT INTO Answers VALUES(480,'Sapphire',0,120);
INSERT INTO Answers VALUES(481,'Jane Austen',1,121);
INSERT INTO Answers VALUES(482,'Charlotte Bronte',0,121);
INSERT INTO Answers VALUES(483,'Emily Bronte',0,121);
INSERT INTO Answers VALUES(484,'Mary Shelley',0,121);
INSERT INTO Answers VALUES(485,'16th Century',1,122);
INSERT INTO Answers VALUES(486,'17th Century',0,122);
INSERT INTO Answers VALUES(487,'18th Century',0,122);
INSERT INTO Answers VALUES(488,'15th Century',0,122);
INSERT INTO Answers VALUES(489,'The Great Gatsby',1,123);
INSERT INTO Answers VALUES(490,'The Catcher in the Rye',0,123);
INSERT INTO Answers VALUES(491,'The Old Man and the Sea',0,123);
INSERT INTO Answers VALUES(492,'1984',0,123);
INSERT INTO Answers VALUES(493,'Go Set a Watchman',1,124);
INSERT INTO Answers VALUES(494,'The Long Goodbye',0,124);
INSERT INTO Answers VALUES(495,'Catcher in the Rye',0,124);
INSERT INTO Answers VALUES(496,'Brave New World',0,124);
INSERT INTO Answers VALUES(497,'Robert Frost',1,125);
INSERT INTO Answers VALUES(498,'Walt Whitman',0,125);
INSERT INTO Answers VALUES(499,'T.S. Eliot',0,125);
INSERT INTO Answers VALUES(500,'Langston Hughes',0,125);
INSERT INTO Answers VALUES(501,'Nadsat',1,126);
INSERT INTO Answers VALUES(502,'Klingon',0,126);
INSERT INTO Answers VALUES(503,'Dothraki',0,126);
INSERT INTO Answers VALUES(504,'Elvish',0,126);
INSERT INTO Answers VALUES(505,'John Milton',1,127);
INSERT INTO Answers VALUES(506,'Homer',0,127);
INSERT INTO Answers VALUES(507,'Virgil',0,127);
INSERT INTO Answers VALUES(508,'Dante',0,127);
INSERT INTO Answers VALUES(509,'Pride and Prejudice',1,128);
INSERT INTO Answers VALUES(510,'Wuthering Heights',0,128);
INSERT INTO Answers VALUES(511,'Jane Eyre',0,128);
INSERT INTO Answers VALUES(512,'Little Women',0,128);
INSERT INTO Answers VALUES(513,'Gothic',1,129);
INSERT INTO Answers VALUES(514,'Romantic',0,129);
INSERT INTO Answers VALUES(515,'Realism',0,129);
INSERT INTO Answers VALUES(516,'Modernism',0,129);
INSERT INTO Answers VALUES(517,'Arthur Conan Doyle',1,130);
INSERT INTO Answers VALUES(518,'Agatha Christie',0,130);
INSERT INTO Answers VALUES(519,'Ian Fleming',0,130);
INSERT INTO Answers VALUES(520,'J.K. Rowling',0,130);
INSERT INTO Answers VALUES(521,'Big',1,131);
INSERT INTO Answers VALUES(522,'Footloose',0,131);
INSERT INTO Answers VALUES(523,'Dirty Dancing',0,131);
INSERT INTO Answers VALUES(524,'Flashdance',0,131);
INSERT INTO Answers VALUES(525,'Harrison Ford',1,132);
INSERT INTO Answers VALUES(526,'Sean Connery',0,132);
INSERT INTO Answers VALUES(527,'Bruce Willis',0,132);
INSERT INTO Answers VALUES(528,'Arnold Schwarzenegger',0,132);
INSERT INTO Answers VALUES(529,'1993',1,133);
INSERT INTO Answers VALUES(530,'1995',0,133);
INSERT INTO Answers VALUES(531,'1990',0,133);
INSERT INTO Answers VALUES(532,'1989',0,133);
INSERT INTO Answers VALUES(533,'Harry Potter and the Sorcerer''s Stone',1,134);
INSERT INTO Answers VALUES(534,'The Hunger Games',0,134);
INSERT INTO Answers VALUES(535,'Ender''s Game',0,134);
INSERT INTO Answers VALUES(536,'Star Wars: Episode I',0,134);
INSERT INTO Answers VALUES(537,'RMS Titanic',1,135);
INSERT INTO Answers VALUES(538,'USS Enterprise',0,135);
INSERT INTO Answers VALUES(539,'The Black Pearl',0,135);
INSERT INTO Answers VALUES(540,'Nautilus',0,135);
INSERT INTO Answers VALUES(541,'James Cameron',1,136);
INSERT INTO Answers VALUES(542,'Steven Spielberg',0,136);
INSERT INTO Answers VALUES(543,'George Lucas',0,136);
INSERT INTO Answers VALUES(544,'Ridley Scott',0,136);
INSERT INTO Answers VALUES(545,'Forrest Gump',1,137);
INSERT INTO Answers VALUES(546,'Pulp Fiction',0,137);
INSERT INTO Answers VALUES(547,'The Shawshank Redemption',0,137);
INSERT INTO Answers VALUES(548,'Jurassic Park',0,137);
INSERT INTO Answers VALUES(549,'Gotham',1,138);
INSERT INTO Answers VALUES(550,'Metropolis',0,138);
INSERT INTO Answers VALUES(551,'Central City',0,138);
INSERT INTO Answers VALUES(552,'Star City',0,138);
INSERT INTO Answers VALUES(553,'Titanic',1,139);
INSERT INTO Answers VALUES(554,'Inception',0,139);
INSERT INTO Answers VALUES(555,'The Great Gatsby',0,139);
INSERT INTO Answers VALUES(556,'Shutter Island',0,139);
INSERT INTO Answers VALUES(557,'Keanu Reeves',1,140);
INSERT INTO Answers VALUES(558,'Brad Pitt',0,140);
INSERT INTO Answers VALUES(559,'Johnny Depp',0,140);
INSERT INTO Answers VALUES(560,'Tom Cruise',0,140);
INSERT INTO Answers VALUES(561,'Guitar',1,141);
INSERT INTO Answers VALUES(562,'Violin',0,141);
INSERT INTO Answers VALUES(563,'Piano',0,141);
INSERT INTO Answers VALUES(564,'Saxophone',0,141);
INSERT INTO Answers VALUES(565,'Wolfgang Amadeus Mozart',1,142);
INSERT INTO Answers VALUES(566,'Ludwig van Beethoven',0,142);
INSERT INTO Answers VALUES(567,'Johann Sebastian Bach',0,142);
INSERT INTO Answers VALUES(568,'Giuseppe Verdi',0,142);
INSERT INTO Answers VALUES(569,'Jimmy Page',1,143);
INSERT INTO Answers VALUES(570,'Eric Clapton',0,143);
INSERT INTO Answers VALUES(571,'Jimi Hendrix',0,143);
INSERT INTO Answers VALUES(572,'David Gilmour',0,143);
INSERT INTO Answers VALUES(573,'Countertenor',1,144);
INSERT INTO Answers VALUES(574,'Baritone',0,144);
INSERT INTO Answers VALUES(575,'Bass',0,144);
INSERT INTO Answers VALUES(576,'Alto',0,144);
INSERT INTO Answers VALUES(577,'Louis Armstrong',1,145);
INSERT INTO Answers VALUES(578,'Duke Ellington',0,145);
INSERT INTO Answers VALUES(579,'Charlie Parker',0,145);
INSERT INTO Answers VALUES(580,'Miles Davis',0,145);
INSERT INTO Answers VALUES(581,'None (He is a vocalist)',1,146);
INSERT INTO Answers VALUES(582,'Guitar',0,146);
INSERT INTO Answers VALUES(583,'Drums',0,146);
INSERT INTO Answers VALUES(584,'Harmonica',0,146);
INSERT INTO Answers VALUES(585,'C Major',1,147);
INSERT INTO Answers VALUES(586,'G Major',0,147);
INSERT INTO Answers VALUES(587,'E Minor',0,147);
INSERT INTO Answers VALUES(588,'B Flat Major',0,147);
INSERT INTO Answers VALUES(589,'Les Paul',1,148);
INSERT INTO Answers VALUES(590,'Leo Fender',0,148);
INSERT INTO Answers VALUES(591,'Orville Gibson',0,148);
INSERT INTO Answers VALUES(592,'Adolph Rickenbacker',0,148);
INSERT INTO Answers VALUES(593,'Accelerando',1,149);
INSERT INTO Answers VALUES(594,'Andante',0,149);
INSERT INTO Answers VALUES(595,'Adagio',0,149);
INSERT INTO Answers VALUES(596,'Allegro',0,149);
INSERT INTO Answers VALUES(597,'Ludwig van Beethoven',1,150);
INSERT INTO Answers VALUES(598,'Wolfgang Amadeus Mozart',0,150);
INSERT INTO Answers VALUES(599,'Franz Schubert',0,150);
INSERT INTO Answers VALUES(600,'Johannes Brahms',0,150);
INSERT INTO Answers VALUES(601,'Queue',1,151);
INSERT INTO Answers VALUES(602,'Stack',0,151);
INSERT INTO Answers VALUES(603,'Array',0,151);
INSERT INTO Answers VALUES(604,'Graph',0,151);
INSERT INTO Answers VALUES(605,'Artificial Intelligence',1,152);
INSERT INTO Answers VALUES(606,'Automated Input',0,152);
INSERT INTO Answers VALUES(607,'Application Interface',0,152);
INSERT INTO Answers VALUES(608,'Automated Intelligence',0,152);
INSERT INTO Answers VALUES(609,'Scalability',1,153);
INSERT INTO Answers VALUES(610,'Cost',0,153);
INSERT INTO Answers VALUES(611,'Speed',0,153);
INSERT INTO Answers VALUES(612,'Security',0,153);
INSERT INTO Answers VALUES(613,'Python',1,154);
INSERT INTO Answers VALUES(614,'Java',0,154);
INSERT INTO Answers VALUES(615,'C++',0,154);
INSERT INTO Answers VALUES(616,'Ruby',0,154);
INSERT INTO Answers VALUES(617,'SMTP',1,155);
INSERT INTO Answers VALUES(618,'HTTP',0,155);
INSERT INTO Answers VALUES(619,'FTP',0,155);
INSERT INTO Answers VALUES(620,'TCP',0,155);
INSERT INTO Answers VALUES(621,'Modem',1,156);
INSERT INTO Answers VALUES(622,'Router',0,156);
INSERT INTO Answers VALUES(623,'Switch',0,156);
INSERT INTO Answers VALUES(624,'Repeater',0,156);
INSERT INTO Answers VALUES(625,'Encryption',1,157);
INSERT INTO Answers VALUES(626,'Tokenization',0,157);
INSERT INTO Answers VALUES(627,'Compression',0,157);
INSERT INTO Answers VALUES(628,'Redaction',0,157);
INSERT INTO Answers VALUES(629,'Linus Torvalds',1,158);
INSERT INTO Answers VALUES(630,'Bill Gates',0,158);
INSERT INTO Answers VALUES(631,'Steve Jobs',0,158);
INSERT INTO Answers VALUES(632,'Mark Zuckerberg',0,158);
INSERT INTO Answers VALUES(633,'Graphics Processing Unit',1,159);
INSERT INTO Answers VALUES(634,'Graphical Programming Unit',0,159);
INSERT INTO Answers VALUES(635,'General Processing Unit',0,159);
INSERT INTO Answers VALUES(636,'Graphics Performance Unit',0,159);
INSERT INTO Answers VALUES(637,'HTML',1,160);
INSERT INTO Answers VALUES(638,'XML',0,160);
INSERT INTO Answers VALUES(639,'SGML',0,160);
INSERT INTO Answers VALUES(640,'CSS',0,160);
INSERT INTO Answers VALUES(641,'Seine',1,161);
INSERT INTO Answers VALUES(642,'Thames',0,161);
INSERT INTO Answers VALUES(643,'Danube',0,161);
INSERT INTO Answers VALUES(644,'Rhine',0,161);
INSERT INTO Answers VALUES(645,'Greenland',1,162);
INSERT INTO Answers VALUES(646,'Iceland',0,162);
INSERT INTO Answers VALUES(647,'New Guinea',0,162);
INSERT INTO Answers VALUES(648,'Madagascar',0,162);
INSERT INTO Answers VALUES(649,'Canada',1,163);
INSERT INTO Answers VALUES(650,'Russia',0,163);
INSERT INTO Answers VALUES(651,'China',0,163);
INSERT INTO Answers VALUES(652,'Brazil',0,163);
INSERT INTO Answers VALUES(653,'Australia',1,164);
INSERT INTO Answers VALUES(654,'Antarctica',0,164);
INSERT INTO Answers VALUES(655,'Europe',0,164);
INSERT INTO Answers VALUES(656,'South America',0,164);
INSERT INTO Answers VALUES(657,'Alaska',1,165);
INSERT INTO Answers VALUES(658,'California',0,165);
INSERT INTO Answers VALUES(659,'Florida',0,165);
INSERT INTO Answers VALUES(660,'Texas',0,165);
INSERT INTO Answers VALUES(661,'Africa',1,166);
INSERT INTO Answers VALUES(662,'Europe',0,166);
INSERT INTO Answers VALUES(663,'Asia',0,166);
INSERT INTO Answers VALUES(664,'South America',0,166);
INSERT INTO Answers VALUES(665,'Brasilia',1,167);
INSERT INTO Answers VALUES(666,'Rio de Janeiro',0,167);
INSERT INTO Answers VALUES(667,'São Paulo',0,167);
INSERT INTO Answers VALUES(668,'Salvador',0,167);
INSERT INTO Answers VALUES(669,'Lesotho',1,168);
INSERT INTO Answers VALUES(670,'Swaziland',0,168);
INSERT INTO Answers VALUES(671,'Botswana',0,168);
INSERT INTO Answers VALUES(672,'Namibia',0,168);
INSERT INTO Answers VALUES(673,'Ural Mountains',1,169);
INSERT INTO Answers VALUES(674,'Andes',0,169);
INSERT INTO Answers VALUES(675,'Himalayas',0,169);
INSERT INTO Answers VALUES(676,'Rocky Mountains',0,169);
INSERT INTO Answers VALUES(677,'Mount Etna',1,170);
INSERT INTO Answers VALUES(678,'Mount Vesuvius',0,170);
INSERT INTO Answers VALUES(679,'Mount Fuji',0,170);
INSERT INTO Answers VALUES(680,'Mauna Loa',0,170);
INSERT INTO Answers VALUES(681,'Soccer',1,171);
INSERT INTO Answers VALUES(682,'Basketball',0,171);
INSERT INTO Answers VALUES(683,'Cricket',0,171);
INSERT INTO Answers VALUES(684,'Baseball',0,171);
INSERT INTO Answers VALUES(685,'Michael Phelps',1,172);
INSERT INTO Answers VALUES(686,'Usain Bolt',0,172);
INSERT INTO Answers VALUES(687,'Larisa Latynina',0,172);
INSERT INTO Answers VALUES(688,'Mark Spitz',0,172);
INSERT INTO Answers VALUES(689,'Sumo Wrestling',1,173);
INSERT INTO Answers VALUES(690,'Judo',0,173);
INSERT INTO Answers VALUES(691,'Karate',0,173);
INSERT INTO Answers VALUES(692,'Kendo',0,173);
INSERT INTO Answers VALUES(693,'France',1,174);
INSERT INTO Answers VALUES(694,'Brazil',0,174);
INSERT INTO Answers VALUES(695,'Germany',0,174);
INSERT INTO Answers VALUES(696,'Argentina',0,174);
INSERT INTO Answers VALUES(697,'Love',1,175);
INSERT INTO Answers VALUES(698,'Nil',0,175);
INSERT INTO Answers VALUES(699,'Zero',0,175);
INSERT INTO Answers VALUES(700,'Goose egg',0,175);
INSERT INTO Answers VALUES(701,'Snowboarding',1,176);
INSERT INTO Answers VALUES(702,'Surfing',0,176);
INSERT INTO Answers VALUES(703,'Skateboarding',0,176);
INSERT INTO Answers VALUES(704,'BMX',0,176);
INSERT INTO Answers VALUES(705,'300',1,177);
INSERT INTO Answers VALUES(706,'200',0,177);
INSERT INTO Answers VALUES(707,'100',0,177);
INSERT INTO Answers VALUES(708,'400',0,177);
INSERT INTO Answers VALUES(709,'Wayne Gretzky',1,178);
INSERT INTO Answers VALUES(710,'Bobby Orr',0,178);
INSERT INTO Answers VALUES(711,'Mario Lemieux',0,178);
INSERT INTO Answers VALUES(712,'Gordie Howe',0,178);
INSERT INTO Answers VALUES(713,'26.2 miles',1,179);
INSERT INTO Answers VALUES(714,'13.1 miles',0,179);
INSERT INTO Answers VALUES(715,'100 kilometers',0,179);
INSERT INTO Answers VALUES(716,'42.2 kilometers',0,179);
INSERT INTO Answers VALUES(717,'Golf',1,180);
INSERT INTO Answers VALUES(718,'Tennis',0,180);
INSERT INTO Answers VALUES(719,'Cricket',0,180);
INSERT INTO Answers VALUES(720,'Rugby',0,180);
INSERT INTO Answers VALUES(721,'Rembrandt',1,181);
INSERT INTO Answers VALUES(722,'Vermeer',0,181);
INSERT INTO Answers VALUES(723,'Van Gogh',0,181);
INSERT INTO Answers VALUES(724,'Picasso',0,181);
INSERT INTO Answers VALUES(725,'Auguste Rodin',1,182);
INSERT INTO Answers VALUES(726,'Michelangelo',0,182);
INSERT INTO Answers VALUES(727,'Donatello',0,182);
INSERT INTO Answers VALUES(728,'Bernini',0,182);
INSERT INTO Answers VALUES(729,'Baroque',1,183);
INSERT INTO Answers VALUES(730,'Renaissance',0,183);
INSERT INTO Answers VALUES(731,'Impressionism',0,183);
INSERT INTO Answers VALUES(732,'Modernism',0,183);
INSERT INTO Answers VALUES(733,'Andy Warhol',1,184);
INSERT INTO Answers VALUES(734,'Roy Lichtenstein',0,184);
INSERT INTO Answers VALUES(735,'Jackson Pollock',0,184);
INSERT INTO Answers VALUES(736,'Jean-Michel Basquiat',0,184);
INSERT INTO Answers VALUES(737,'Pablo Picasso',1,185);
INSERT INTO Answers VALUES(738,'Claude Monet',0,185);
INSERT INTO Answers VALUES(739,'Henri Matisse',0,185);
INSERT INTO Answers VALUES(740,'Salvador Dalí',0,185);
INSERT INTO Answers VALUES(741,'The Last Judgment',1,186);
INSERT INTO Answers VALUES(742,'The Creation of Adam',0,186);
INSERT INTO Answers VALUES(743,'The Last Supper',0,186);
INSERT INTO Answers VALUES(744,'Judgment Day',0,186);
INSERT INTO Answers VALUES(745,'Maya Lin',1,187);
INSERT INTO Answers VALUES(746,'Frank Gehry',0,187);
INSERT INTO Answers VALUES(747,'I.M. Pei',0,187);
INSERT INTO Answers VALUES(748,'Zaha Hadid',0,187);
INSERT INTO Answers VALUES(749,'Abstract Expressionism',1,188);
INSERT INTO Answers VALUES(750,'Dada',0,188);
INSERT INTO Answers VALUES(751,'Cubism',0,188);
INSERT INTO Answers VALUES(752,'Fauvism',0,188);
INSERT INTO Answers VALUES(753,'Raphael',1,189);
INSERT INTO Answers VALUES(754,'Leonardo da Vinci',0,189);
INSERT INTO Answers VALUES(755,'Michelangelo',0,189);
INSERT INTO Answers VALUES(756,'Titian',0,189);
INSERT INTO Answers VALUES(757,'Salvador Dalí',1,190);
INSERT INTO Answers VALUES(758,'Pablo Picasso',0,190);
INSERT INTO Answers VALUES(759,'Frida Kahlo',0,190);
INSERT INTO Answers VALUES(760,'Edvard Munch',0,190);
INSERT INTO Answers VALUES(761,'Fish',1,191);
INSERT INTO Answers VALUES(762,'Beef',0,191);
INSERT INTO Answers VALUES(763,'Chicken',0,191);
INSERT INTO Answers VALUES(764,'Pork',0,191);
INSERT INTO Answers VALUES(765,'Mexico',1,192);
INSERT INTO Answers VALUES(766,'Spain',0,192);
INSERT INTO Answers VALUES(767,'Italy',0,192);
INSERT INTO Answers VALUES(768,'Portugal',0,192);
INSERT INTO Answers VALUES(769,'Arborio rice',1,193);
INSERT INTO Answers VALUES(770,'Basmati rice',0,193);
INSERT INTO Answers VALUES(771,'Jasmine rice',0,193);
INSERT INTO Answers VALUES(772,'Brown rice',0,193);
INSERT INTO Answers VALUES(773,'Tarragon',1,194);
INSERT INTO Answers VALUES(774,'Parsley',0,194);
INSERT INTO Answers VALUES(775,'Cilantro',0,194);
INSERT INTO Answers VALUES(776,'Basil',0,194);
INSERT INTO Answers VALUES(777,'Apples',1,195);
INSERT INTO Answers VALUES(778,'Pears',0,195);
INSERT INTO Answers VALUES(779,'Cherries',0,195);
INSERT INTO Answers VALUES(780,'Peaches',0,195);
INSERT INTO Answers VALUES(781,'Peruvian',1,196);
INSERT INTO Answers VALUES(782,'Mexican',0,196);
INSERT INTO Answers VALUES(783,'Brazilian',0,196);
INSERT INTO Answers VALUES(784,'Chilean',0,196);
INSERT INTO Answers VALUES(785,'Feta',1,197);
INSERT INTO Answers VALUES(786,'Mozzarella',0,197);
INSERT INTO Answers VALUES(787,'Cheddar',0,197);
INSERT INTO Answers VALUES(788,'Parmesan',0,197);
INSERT INTO Answers VALUES(789,'Eggplant',1,198);
INSERT INTO Answers VALUES(790,'Zucchini',0,198);
INSERT INTO Answers VALUES(791,'Potato',0,198);
INSERT INTO Answers VALUES(792,'Tomato',0,198);
INSERT INTO Answers VALUES(793,'Fish',1,199);
INSERT INTO Answers VALUES(794,'Chicken',0,199);
INSERT INTO Answers VALUES(795,'Beef',0,199);
INSERT INTO Answers VALUES(796,'Pork',0,199);
INSERT INTO Answers VALUES(797,'Tomatoes',1,200);
INSERT INTO Answers VALUES(798,'Potatoes',0,200);
INSERT INTO Answers VALUES(799,'Eggplant',0,200);
INSERT INTO Answers VALUES(800,'Carrots',0,200);
CREATE TABLE Users (
id INTEGER PRIMARY KEY AUTOINCREMENT,
username TEXT UNIQUE,
is_admin INTEGER NOT NULL 
);
INSERT INTO Users VALUES(1,'christopher_thai',1);
INSERT INTO Users VALUES(2,'kuk_hoon_ryou',1);
INSERT INTO Users VALUES(3,'spencer_brown',1);
INSERT INTO Users VALUES(4,'jane_smith',0);
INSERT INTO Users VALUES(5,'mary_allen',0);
INSERT INTO Users VALUES(6,'dave_johnson',0);
INSERT INTO Users VALUES(7,'steve_davis',0);
INSERT INTO Users VALUES(8,'jennifer_lane',0);
INSERT INTO Users VALUES(9,'alice_miller',0);
INSERT INTO Users VALUES(10,'lucy_lawless',0);
INSERT INTO Users VALUES(11,'adam_ondra',0);
INSERT INTO Users VALUES(12,'leslie_mcelhenney',0);
INSERT INTO Users VALUES(13,'arthur_mitchell',0);
INSERT INTO Users VALUES(23,'test_user_1',0);
INSERT INTO Users VALUES(26,'test_user1',0);
INSERT INTO Users VALUES(28,'test_user2',0);
CREATE TABLE Scores (
id INTEGER PRIMARY KEY AUTOINCREMENT,
score INTEGER NOT NULL,
date_taken TEXT NOT NULL,  
user_id INTEGER,
quiz_id INTEGER,
FOREIGN KEY (user_id) REFERENCES Users(id),
FOREIGN KEY (quiz_id) REFERENCES Quizzes(id)
);
INSERT INTO Scores VALUES(1,92,'2024-02-18',4,1);
INSERT INTO Scores VALUES(2,72,'2024-02-23',4,2);
INSERT INTO Scores VALUES(3,92,'2024-02-07',4,3);
INSERT INTO Scores VALUES(4,84,'2024-02-05',4,4);
INSERT INTO Scores VALUES(5,99,'2024-01-18',4,5);
INSERT INTO Scores VALUES(6,90,'2024-04-17',4,6);
INSERT INTO Scores VALUES(7,96,'2024-02-18',4,7);
INSERT INTO Scores VALUES(8,89,'2024-02-23',4,8);
INSERT INTO Scores VALUES(9,80,'2024-02-07',4,9);
INSERT INTO Scores VALUES(10,93,'2024-02-05',4,10);
INSERT INTO Scores VALUES(11,92,'2024-02-18',5,1);
INSERT INTO Scores VALUES(12,84,'2024-02-23',5,2);
INSERT INTO Scores VALUES(13,76,'2024-02-07',5,3);
INSERT INTO Scores VALUES(14,89,'2024-02-05',5,4);
INSERT INTO Scores VALUES(15,93,'2024-01-18',5,5);
INSERT INTO Scores VALUES(16,97,'2024-01-22',5,6);
INSERT INTO Scores VALUES(17,91,'2024-02-18',5,7);
INSERT INTO Scores VALUES(18,87,'2024-02-23',5,8);
INSERT INTO Scores VALUES(19,81,'2024-02-07',5,9);
INSERT INTO Scores VALUES(20,99,'2024-02-05',5,10);
INSERT INTO Scores VALUES(21,71,'2024-02-18',6,1);
INSERT INTO Scores VALUES(22,92,'2024-02-23',6,2);
INSERT INTO Scores VALUES(23,69,'2024-02-07',6,3);
INSERT INTO Scores VALUES(24,82,'2024-02-05',6,4);
INSERT INTO Scores VALUES(25,93,'2024-01-18',6,5);
INSERT INTO Scores VALUES(26,96,'2024-01-22',6,6);
INSERT INTO Scores VALUES(27,95,'2024-02-18',6,7);
INSERT INTO Scores VALUES(28,85,'2024-02-23',6,8);
INSERT INTO Scores VALUES(29,71,'2024-02-07',6,9);
INSERT INTO Scores VALUES(30,87,'2024-02-05',6,10);
INSERT INTO Scores VALUES(31,89,'2024-02-18',7,1);
INSERT INTO Scores VALUES(32,78,'2024-02-23',7,2);
INSERT INTO Scores VALUES(33,96,'2024-02-07',7,3);
INSERT INTO Scores VALUES(34,91,'2024-02-05',7,4);
INSERT INTO Scores VALUES(35,86,'2024-01-18',7,5);
INSERT INTO Scores VALUES(36,71,'2024-01-22',7,6);
INSERT INTO Scores VALUES(37,91,'2024-02-18',7,7);
INSERT INTO Scores VALUES(38,99,'2024-02-23',7,8);
INSERT INTO Scores VALUES(39,85,'2024-02-07',7,9);
INSERT INTO Scores VALUES(40,96,'2024-02-05',7,10);
INSERT INTO Scores VALUES(41,92,'2024-02-18',8,1);
INSERT INTO Scores VALUES(42,81,'2024-02-23',8,2);
INSERT INTO Scores VALUES(43,73,'2024-02-07',8,3);
INSERT INTO Scores VALUES(44,99,'2024-02-05',8,4);
INSERT INTO Scores VALUES(45,83,'2024-01-18',8,5);
INSERT INTO Scores VALUES(46,77,'2024-01-22',8,6);
INSERT INTO Scores VALUES(47,92,'2024-02-18',8,7);
INSERT INTO Scores VALUES(48,89,'2024-02-23',8,8);
INSERT INTO Scores VALUES(49,88,'2024-02-07',8,9);
INSERT INTO Scores VALUES(50,87,'2024-02-05',8,10);
INSERT INTO Scores VALUES(51,78,'2024-02-18',9,1);
INSERT INTO Scores VALUES(52,71,'2024-02-23',9,2);
INSERT INTO Scores VALUES(53,89,'2024-02-07',9,3);
INSERT INTO Scores VALUES(54,94,'2024-02-05',9,4);
INSERT INTO Scores VALUES(55,90,'2024-01-18',9,5);
INSERT INTO Scores VALUES(56,71,'2024-01-22',9,6);
INSERT INTO Scores VALUES(57,81,'2024-02-18',9,7);
INSERT INTO Scores VALUES(58,92,'2024-02-23',9,8);
INSERT INTO Scores VALUES(59,85,'2024-02-07',9,9);
INSERT INTO Scores VALUES(60,90,'2024-02-05',9,10);
INSERT INTO Scores VALUES(61,99,'2024-02-18',10,1);
INSERT INTO Scores VALUES(62,89,'2024-02-23',10,2);
INSERT INTO Scores VALUES(63,91,'2024-02-07',10,3);
INSERT INTO Scores VALUES(64,90,'2024-02-05',10,4);
INSERT INTO Scores VALUES(65,71,'2024-01-18',10,5);
INSERT INTO Scores VALUES(66,96,'2024-01-22',10,6);
INSERT INTO Scores VALUES(67,99,'2024-02-18',10,7);
INSERT INTO Scores VALUES(68,79,'2024-02-23',10,8);
INSERT INTO Scores VALUES(69,85,'2024-02-07',10,9);
INSERT INTO Scores VALUES(70,88,'2024-02-05',10,10);
INSERT INTO Scores VALUES(71,85,'2024-02-18',11,1);
INSERT INTO Scores VALUES(72,92,'2024-02-23',11,2);
INSERT INTO Scores VALUES(73,82,'2024-02-07',11,3);
INSERT INTO Scores VALUES(74,87,'2024-02-05',11,4);
INSERT INTO Scores VALUES(75,96,'2024-01-18',11,5);
INSERT INTO Scores VALUES(76,95,'2024-01-22',11,6);
INSERT INTO Scores VALUES(77,84,'2024-02-18',11,7);
INSERT INTO Scores VALUES(78,91,'2024-02-23',11,8);
INSERT INTO Scores VALUES(79,89,'2024-02-07',11,9);
INSERT INTO Scores VALUES(80,94,'2024-02-05',11,10);
INSERT INTO Scores VALUES(81,79,'2024-02-18',12,1);
INSERT INTO Scores VALUES(82,87,'2024-02-23',12,2);
INSERT INTO Scores VALUES(83,85,'2024-02-07',12,3);
INSERT INTO Scores VALUES(84,71,'2024-02-05',12,4);
INSERT INTO Scores VALUES(85,90,'2024-01-18',12,5);
INSERT INTO Scores VALUES(86,91,'2024-01-22',12,6);
INSERT INTO Scores VALUES(87,93,'2024-02-18',12,7);
INSERT INTO Scores VALUES(88,92,'2024-02-23',12,8);
INSERT INTO Scores VALUES(89,83,'2024-02-07',12,9);
INSERT INTO Scores VALUES(90,80,'2024-02-05',12,10);
INSERT INTO Scores VALUES(91,96,'2024-02-18',13,1);
INSERT INTO Scores VALUES(92,85,'2024-02-23',13,2);
INSERT INTO Scores VALUES(93,90,'2024-02-07',13,3);
INSERT INTO Scores VALUES(94,86,'2024-02-05',13,4);
INSERT INTO Scores VALUES(95,89,'2024-01-18',13,5);
INSERT INTO Scores VALUES(96,81,'2024-01-22',13,6);
INSERT INTO Scores VALUES(97,71,'2024-02-18',13,7);
INSERT INTO Scores VALUES(98,93,'2024-02-23',13,8);
INSERT INTO Scores VALUES(99,94,'2024-02-07',13,9);
INSERT INTO Scores VALUES(100,79,'2024-02-05',13,10);
INSERT INTO Scores VALUES(101,70,'2024-04-17',2,10);
INSERT INTO Scores VALUES(102,90,'2024-04-17',2,1);
INSERT INTO Scores VALUES(103,100,'2024-04-17',2,4);
INSERT INTO Scores VALUES(104,90,'2024-04-17',2,8);
INSERT INTO Scores VALUES(105,100,'2024-04-18',28,10);
CREATE TABLE User_Answers (
    id INTEGER PRIMARY KEY AUTOINCREMENT,
    user_answer INTEGER NOT NULL,
    user_id INTEGER NOT NULL,
    question_id INTEGER NOT NULL,
    answer_id INTEGER NOT NULL,
    FOREIGN KEY (user_id) REFERENCES Users(id),
    FOREIGN KEY (question_id) REFERENCES Quizzes(id),
    FOREIGN KEY (answer_id) REFERENCES Questions(id)
);
INSERT INTO User_Answers VALUES(1,1,4,1,1);
INSERT INTO User_Answers VALUES(2,5,4,2,5);
INSERT INTO User_Answers VALUES(3,10,4,3,10);
INSERT INTO User_Answers VALUES(4,13,4,4,13);
INSERT INTO User_Answers VALUES(5,17,4,5,17);
INSERT INTO User_Answers VALUES(6,21,4,6,21);
INSERT INTO User_Answers VALUES(7,25,4,7,25);
INSERT INTO User_Answers VALUES(8,29,4,8,29);
INSERT INTO User_Answers VALUES(9,33,4,9,33);
INSERT INTO User_Answers VALUES(10,37,4,10,37);
INSERT INTO User_Answers VALUES(11,41,4,11,41);
INSERT INTO User_Answers VALUES(12,45,4,12,45);
INSERT INTO User_Answers VALUES(13,49,4,13,49);
INSERT INTO User_Answers VALUES(14,53,4,14,53);
INSERT INTO User_Answers VALUES(15,57,4,15,57);
INSERT INTO User_Answers VALUES(16,61,4,16,61);
INSERT INTO User_Answers VALUES(17,65,4,17,65);
INSERT INTO User_Answers VALUES(18,69,4,18,69);
INSERT INTO User_Answers VALUES(19,73,4,19,73);
INSERT INTO User_Answers VALUES(20,77,4,20,77);
INSERT INTO User_Answers VALUES(21,81,4,21,81);
INSERT INTO User_Answers VALUES(22,85,4,22,85);
INSERT INTO User_Answers VALUES(23,89,4,23,89);
INSERT INTO User_Answers VALUES(24,93,4,24,93);
INSERT INTO User_Answers VALUES(25,97,4,25,97);
INSERT INTO User_Answers VALUES(26,101,4,26,101);
INSERT INTO User_Answers VALUES(27,105,4,27,105);
INSERT INTO User_Answers VALUES(28,109,4,28,109);
INSERT INTO User_Answers VALUES(29,113,4,29,113);
INSERT INTO User_Answers VALUES(30,117,4,30,117);
INSERT INTO User_Answers VALUES(31,121,4,31,121);
INSERT INTO User_Answers VALUES(32,125,4,32,125);
INSERT INTO User_Answers VALUES(33,129,4,33,129);
INSERT INTO User_Answers VALUES(34,133,4,34,133);
INSERT INTO User_Answers VALUES(35,137,4,35,137);
INSERT INTO User_Answers VALUES(36,141,4,36,141);
INSERT INTO User_Answers VALUES(37,145,4,37,145);
INSERT INTO User_Answers VALUES(38,149,4,38,149);
INSERT INTO User_Answers VALUES(39,153,4,39,153);
INSERT INTO User_Answers VALUES(40,157,4,40,157);
INSERT INTO User_Answers VALUES(41,161,4,41,161);
INSERT INTO User_Answers VALUES(42,165,4,42,165);
INSERT INTO User_Answers VALUES(43,169,4,43,169);
INSERT INTO User_Answers VALUES(44,173,4,44,173);
INSERT INTO User_Answers VALUES(45,177,4,45,177);
INSERT INTO User_Answers VALUES(46,181,4,46,181);
INSERT INTO User_Answers VALUES(47,185,4,47,185);
INSERT INTO User_Answers VALUES(48,189,4,48,189);
INSERT INTO User_Answers VALUES(49,193,4,49,193);
INSERT INTO User_Answers VALUES(50,197,4,50,197);
INSERT INTO User_Answers VALUES(51,201,4,51,201);
INSERT INTO User_Answers VALUES(52,205,4,52,205);
INSERT INTO User_Answers VALUES(53,209,4,53,209);
INSERT INTO User_Answers VALUES(54,213,4,54,213);
INSERT INTO User_Answers VALUES(55,217,4,55,217);
INSERT INTO User_Answers VALUES(56,221,4,56,221);
INSERT INTO User_Answers VALUES(57,225,4,57,225);
INSERT INTO User_Answers VALUES(58,229,4,58,229);
INSERT INTO User_Answers VALUES(59,233,4,59,233);
INSERT INTO User_Answers VALUES(60,237,4,60,237);
INSERT INTO User_Answers VALUES(61,241,4,61,241);
INSERT INTO User_Answers VALUES(62,245,4,62,245);
INSERT INTO User_Answers VALUES(63,249,4,63,249);
INSERT INTO User_Answers VALUES(64,253,4,64,253);
INSERT INTO User_Answers VALUES(65,257,4,65,257);
INSERT INTO User_Answers VALUES(66,261,4,66,261);
INSERT INTO User_Answers VALUES(67,265,4,67,265);
INSERT INTO User_Answers VALUES(68,269,4,68,269);
INSERT INTO User_Answers VALUES(69,273,4,69,273);
INSERT INTO User_Answers VALUES(70,277,4,70,277);
INSERT INTO User_Answers VALUES(71,281,4,71,281);
INSERT INTO User_Answers VALUES(72,285,4,72,285);
INSERT INTO User_Answers VALUES(73,289,4,73,289);
INSERT INTO User_Answers VALUES(74,293,4,74,293);
INSERT INTO User_Answers VALUES(75,297,4,75,297);
INSERT INTO User_Answers VALUES(76,301,4,76,301);
INSERT INTO User_Answers VALUES(77,305,4,77,305);
INSERT INTO User_Answers VALUES(78,309,4,78,309);
INSERT INTO User_Answers VALUES(79,313,4,79,313);
INSERT INTO User_Answers VALUES(80,317,4,80,317);
INSERT INTO User_Answers VALUES(81,321,4,81,321);
INSERT INTO User_Answers VALUES(82,325,4,82,325);
INSERT INTO User_Answers VALUES(83,329,4,83,329);
INSERT INTO User_Answers VALUES(84,333,4,84,333);
INSERT INTO User_Answers VALUES(85,337,4,85,337);
INSERT INTO User_Answers VALUES(86,341,4,86,341);
INSERT INTO User_Answers VALUES(87,345,4,87,345);
INSERT INTO User_Answers VALUES(88,349,4,88,349);
INSERT INTO User_Answers VALUES(89,353,4,89,353);
INSERT INTO User_Answers VALUES(90,357,4,90,357);
INSERT INTO User_Answers VALUES(91,361,4,91,361);
INSERT INTO User_Answers VALUES(92,365,4,92,365);
INSERT INTO User_Answers VALUES(93,369,4,93,369);
INSERT INTO User_Answers VALUES(94,373,4,94,373);
INSERT INTO User_Answers VALUES(95,377,4,95,377);
INSERT INTO User_Answers VALUES(96,381,4,96,381);
INSERT INTO User_Answers VALUES(97,385,4,97,385);
INSERT INTO User_Answers VALUES(98,389,4,98,389);
INSERT INTO User_Answers VALUES(99,393,4,99,393);
INSERT INTO User_Answers VALUES(100,397,4,100,397);
INSERT INTO User_Answers VALUES(101,401,4,101,401);
INSERT INTO User_Answers VALUES(102,405,4,102,405);
INSERT INTO User_Answers VALUES(103,409,4,103,409);
INSERT INTO User_Answers VALUES(104,413,4,104,413);
INSERT INTO User_Answers VALUES(105,417,4,105,417);
INSERT INTO User_Answers VALUES(106,421,4,106,421);
INSERT INTO User_Answers VALUES(107,425,4,107,425);
INSERT INTO User_Answers VALUES(108,429,4,108,429);
INSERT INTO User_Answers VALUES(109,433,4,109,433);
INSERT INTO User_Answers VALUES(110,437,4,110,437);
INSERT INTO User_Answers VALUES(111,441,4,111,441);
INSERT INTO User_Answers VALUES(112,445,4,112,445);
INSERT INTO User_Answers VALUES(113,449,4,113,449);
INSERT INTO User_Answers VALUES(114,453,4,114,453);
INSERT INTO User_Answers VALUES(115,457,4,115,457);
INSERT INTO User_Answers VALUES(116,461,4,116,461);
INSERT INTO User_Answers VALUES(117,465,4,117,465);
INSERT INTO User_Answers VALUES(118,469,4,118,469);
INSERT INTO User_Answers VALUES(119,473,4,119,473);
INSERT INTO User_Answers VALUES(120,477,4,120,477);
INSERT INTO User_Answers VALUES(121,481,4,121,481);
INSERT INTO User_Answers VALUES(122,485,4,122,485);
INSERT INTO User_Answers VALUES(123,489,4,123,489);
INSERT INTO User_Answers VALUES(124,493,4,124,493);
INSERT INTO User_Answers VALUES(125,497,4,125,497);
INSERT INTO User_Answers VALUES(126,501,4,126,501);
INSERT INTO User_Answers VALUES(127,505,4,127,505);
INSERT INTO User_Answers VALUES(128,509,4,128,509);
INSERT INTO User_Answers VALUES(129,513,4,129,513);
INSERT INTO User_Answers VALUES(130,517,4,130,517);
INSERT INTO User_Answers VALUES(131,521,4,131,521);
INSERT INTO User_Answers VALUES(132,525,4,132,525);
INSERT INTO User_Answers VALUES(133,529,4,133,529);
INSERT INTO User_Answers VALUES(134,533,4,134,533);
INSERT INTO User_Answers VALUES(135,537,4,135,537);
INSERT INTO User_Answers VALUES(136,541,4,136,541);
INSERT INTO User_Answers VALUES(137,545,4,137,545);
INSERT INTO User_Answers VALUES(138,549,4,138,549);
INSERT INTO User_Answers VALUES(139,553,4,139,553);
INSERT INTO User_Answers VALUES(140,557,4,140,557);
INSERT INTO User_Answers VALUES(141,561,4,141,561);
INSERT INTO User_Answers VALUES(142,565,4,142,565);
INSERT INTO User_Answers VALUES(143,569,4,143,569);
INSERT INTO User_Answers VALUES(144,573,4,144,573);
INSERT INTO User_Answers VALUES(145,577,4,145,577);
INSERT INTO User_Answers VALUES(146,581,4,146,581);
INSERT INTO User_Answers VALUES(147,585,4,147,585);
INSERT INTO User_Answers VALUES(148,589,4,148,589);
INSERT INTO User_Answers VALUES(149,593,4,149,593);
INSERT INTO User_Answers VALUES(150,597,4,150,597);
INSERT INTO User_Answers VALUES(151,601,4,151,601);
INSERT INTO User_Answers VALUES(152,605,4,152,605);
INSERT INTO User_Answers VALUES(153,609,4,153,609);
INSERT INTO User_Answers VALUES(154,613,4,154,613);
INSERT INTO User_Answers VALUES(155,617,4,155,617);
INSERT INTO User_Answers VALUES(156,621,4,156,621);
INSERT INTO User_Answers VALUES(157,625,4,157,625);
INSERT INTO User_Answers VALUES(158,629,4,158,629);
INSERT INTO User_Answers VALUES(159,633,4,159,633);
INSERT INTO User_Answers VALUES(160,637,4,160,637);
INSERT INTO User_Answers VALUES(161,641,4,161,641);
INSERT INTO User_Answers VALUES(162,645,4,162,645);
INSERT INTO User_Answers VALUES(163,649,4,163,649);
INSERT INTO User_Answers VALUES(164,653,4,164,653);
INSERT INTO User_Answers VALUES(165,657,4,165,657);
INSERT INTO User_Answers VALUES(166,661,4,166,661);
INSERT INTO User_Answers VALUES(167,665,4,167,665);
INSERT INTO User_Answers VALUES(168,669,4,168,669);
INSERT INTO User_Answers VALUES(169,673,4,169,673);
INSERT INTO User_Answers VALUES(170,677,4,170,677);
INSERT INTO User_Answers VALUES(171,681,4,171,681);
INSERT INTO User_Answers VALUES(172,685,4,172,685);
INSERT INTO User_Answers VALUES(173,689,4,173,689);
INSERT INTO User_Answers VALUES(174,693,4,174,693);
INSERT INTO User_Answers VALUES(175,697,4,175,697);
INSERT INTO User_Answers VALUES(176,701,4,176,701);
INSERT INTO User_Answers VALUES(177,705,4,177,705);
INSERT INTO User_Answers VALUES(178,709,4,178,709);
INSERT INTO User_Answers VALUES(179,713,4,179,713);
INSERT INTO User_Answers VALUES(180,717,4,180,717);
INSERT INTO User_Answers VALUES(181,721,4,181,721);
INSERT INTO User_Answers VALUES(182,725,4,182,725);
INSERT INTO User_Answers VALUES(183,729,4,183,729);
INSERT INTO User_Answers VALUES(184,733,4,184,733);
INSERT INTO User_Answers VALUES(185,737,4,185,737);
INSERT INTO User_Answers VALUES(186,741,4,186,741);
INSERT INTO User_Answers VALUES(187,745,4,187,745);
INSERT INTO User_Answers VALUES(188,749,4,188,749);
INSERT INTO User_Answers VALUES(189,753,4,189,753);
INSERT INTO User_Answers VALUES(190,757,4,190,757);
INSERT INTO User_Answers VALUES(191,761,4,191,761);
INSERT INTO User_Answers VALUES(192,765,4,192,765);
INSERT INTO User_Answers VALUES(193,769,4,193,769);
INSERT INTO User_Answers VALUES(194,773,4,194,773);
INSERT INTO User_Answers VALUES(195,777,4,195,777);
INSERT INTO User_Answers VALUES(196,781,4,196,781);
INSERT INTO User_Answers VALUES(197,785,4,197,785);
INSERT INTO User_Answers VALUES(198,789,4,198,789);
INSERT INTO User_Answers VALUES(199,793,4,199,793);
INSERT INTO User_Answers VALUES(200,797,4,200,797);
INSERT INTO User_Answers VALUES(201,1,5,1,1);
INSERT INTO User_Answers VALUES(202,4,5,2,4);
INSERT INTO User_Answers VALUES(203,9,5,3,9);
INSERT INTO User_Answers VALUES(204,12,5,4,12);
INSERT INTO User_Answers VALUES(205,17,5,5,17);
INSERT INTO User_Answers VALUES(206,21,5,6,21);
INSERT INTO User_Answers VALUES(207,24,5,7,24);
INSERT INTO User_Answers VALUES(208,29,5,8,29);
INSERT INTO User_Answers VALUES(209,33,5,9,33);
INSERT INTO User_Answers VALUES(210,36,5,10,36);
INSERT INTO User_Answers VALUES(211,41,5,11,41);
INSERT INTO User_Answers VALUES(212,44,5,12,44);
INSERT INTO User_Answers VALUES(213,49,5,13,49);
INSERT INTO User_Answers VALUES(214,52,5,14,52);
INSERT INTO User_Answers VALUES(215,57,5,15,57);
INSERT INTO User_Answers VALUES(216,60,5,16,60);
INSERT INTO User_Answers VALUES(217,65,5,17,65);
INSERT INTO User_Answers VALUES(218,68,5,18,68);
INSERT INTO User_Answers VALUES(219,73,5,19,73);
INSERT INTO User_Answers VALUES(220,76,5,20,76);
INSERT INTO User_Answers VALUES(221,81,5,21,81);
INSERT INTO User_Answers VALUES(222,84,5,22,84);
INSERT INTO User_Answers VALUES(223,89,5,23,89);
INSERT INTO User_Answers VALUES(224,92,5,24,92);
INSERT INTO User_Answers VALUES(225,97,5,25,97);
INSERT INTO User_Answers VALUES(226,100,5,26,100);
INSERT INTO User_Answers VALUES(227,105,5,27,105);
INSERT INTO User_Answers VALUES(228,108,5,28,108);
INSERT INTO User_Answers VALUES(229,113,5,29,113);
INSERT INTO User_Answers VALUES(230,116,5,30,116);
INSERT INTO User_Answers VALUES(231,121,5,31,121);
INSERT INTO User_Answers VALUES(232,124,5,32,124);
INSERT INTO User_Answers VALUES(233,129,5,33,129);
INSERT INTO User_Answers VALUES(234,132,5,34,132);
INSERT INTO User_Answers VALUES(235,137,5,35,137);
INSERT INTO User_Answers VALUES(236,140,5,36,140);
INSERT INTO User_Answers VALUES(237,145,5,37,145);
INSERT INTO User_Answers VALUES(238,148,5,38,148);
INSERT INTO User_Answers VALUES(239,153,5,39,153);
INSERT INTO User_Answers VALUES(240,156,5,40,156);
INSERT INTO User_Answers VALUES(241,161,5,41,161);
INSERT INTO User_Answers VALUES(242,164,5,42,164);
INSERT INTO User_Answers VALUES(243,169,5,43,169);
INSERT INTO User_Answers VALUES(244,172,5,44,172);
INSERT INTO User_Answers VALUES(245,177,5,45,177);
INSERT INTO User_Answers VALUES(246,180,5,46,180);
INSERT INTO User_Answers VALUES(247,185,5,47,185);
INSERT INTO User_Answers VALUES(248,188,5,48,188);
INSERT INTO User_Answers VALUES(249,193,5,49,193);
INSERT INTO User_Answers VALUES(250,196,5,50,196);
INSERT INTO User_Answers VALUES(251,201,5,51,201);
INSERT INTO User_Answers VALUES(252,204,5,52,204);
INSERT INTO User_Answers VALUES(253,209,5,53,209);
INSERT INTO User_Answers VALUES(254,212,5,54,212);
INSERT INTO User_Answers VALUES(255,217,5,55,217);
INSERT INTO User_Answers VALUES(256,220,5,56,220);
INSERT INTO User_Answers VALUES(257,225,5,57,225);
INSERT INTO User_Answers VALUES(258,228,5,58,228);
INSERT INTO User_Answers VALUES(259,233,5,59,233);
INSERT INTO User_Answers VALUES(260,236,5,60,236);
INSERT INTO User_Answers VALUES(261,241,5,61,241);
INSERT INTO User_Answers VALUES(262,244,5,62,244);
INSERT INTO User_Answers VALUES(263,249,5,63,249);
INSERT INTO User_Answers VALUES(264,252,5,64,252);
INSERT INTO User_Answers VALUES(265,257,5,65,257);
INSERT INTO User_Answers VALUES(266,260,5,66,260);
INSERT INTO User_Answers VALUES(267,265,5,67,265);
INSERT INTO User_Answers VALUES(268,268,5,68,268);
INSERT INTO User_Answers VALUES(269,273,5,69,273);
INSERT INTO User_Answers VALUES(270,276,5,70,276);
INSERT INTO User_Answers VALUES(271,281,5,71,281);
INSERT INTO User_Answers VALUES(272,284,5,72,284);
INSERT INTO User_Answers VALUES(273,289,5,73,289);
INSERT INTO User_Answers VALUES(274,292,5,74,292);
INSERT INTO User_Answers VALUES(275,297,5,75,297);
INSERT INTO User_Answers VALUES(276,300,5,76,300);
INSERT INTO User_Answers VALUES(277,305,5,77,305);
INSERT INTO User_Answers VALUES(278,308,5,78,308);
INSERT INTO User_Answers VALUES(279,313,5,79,313);
INSERT INTO User_Answers VALUES(280,316,5,80,316);
INSERT INTO User_Answers VALUES(281,321,5,81,321);
INSERT INTO User_Answers VALUES(282,324,5,82,324);
INSERT INTO User_Answers VALUES(283,329,5,83,329);
INSERT INTO User_Answers VALUES(284,332,5,84,332);
INSERT INTO User_Answers VALUES(285,337,5,85,337);
INSERT INTO User_Answers VALUES(286,340,5,86,340);
INSERT INTO User_Answers VALUES(287,345,5,87,345);
INSERT INTO User_Answers VALUES(288,348,5,88,348);
INSERT INTO User_Answers VALUES(289,353,5,89,353);
INSERT INTO User_Answers VALUES(290,356,5,90,356);
INSERT INTO User_Answers VALUES(291,361,5,91,361);
INSERT INTO User_Answers VALUES(292,364,5,92,364);
INSERT INTO User_Answers VALUES(293,369,5,93,369);
INSERT INTO User_Answers VALUES(294,372,5,94,372);
INSERT INTO User_Answers VALUES(295,377,5,95,377);
INSERT INTO User_Answers VALUES(296,380,5,96,380);
INSERT INTO User_Answers VALUES(297,385,5,97,385);
INSERT INTO User_Answers VALUES(298,388,5,98,388);
INSERT INTO User_Answers VALUES(299,393,5,99,393);
INSERT INTO User_Answers VALUES(300,396,5,100,396);
INSERT INTO User_Answers VALUES(301,401,5,1,401);
INSERT INTO User_Answers VALUES(302,404,5,2,404);
INSERT INTO User_Answers VALUES(303,409,5,3,409);
INSERT INTO User_Answers VALUES(304,412,5,4,412);
INSERT INTO User_Answers VALUES(305,417,5,5,417);
INSERT INTO User_Answers VALUES(306,420,5,6,420);
INSERT INTO User_Answers VALUES(307,425,5,7,425);
INSERT INTO User_Answers VALUES(308,428,5,8,428);
INSERT INTO User_Answers VALUES(309,433,5,9,433);
INSERT INTO User_Answers VALUES(310,436,5,10,436);
INSERT INTO User_Answers VALUES(311,441,5,11,441);
INSERT INTO User_Answers VALUES(312,444,5,12,444);
INSERT INTO User_Answers VALUES(313,449,5,13,449);
INSERT INTO User_Answers VALUES(314,452,5,14,452);
INSERT INTO User_Answers VALUES(315,457,5,15,457);
INSERT INTO User_Answers VALUES(316,460,5,16,460);
INSERT INTO User_Answers VALUES(317,465,5,17,465);
INSERT INTO User_Answers VALUES(318,468,5,18,468);
INSERT INTO User_Answers VALUES(319,473,5,19,473);
INSERT INTO User_Answers VALUES(320,476,5,20,476);
INSERT INTO User_Answers VALUES(321,481,5,21,481);
INSERT INTO User_Answers VALUES(322,484,5,22,484);
INSERT INTO User_Answers VALUES(323,489,5,23,489);
INSERT INTO User_Answers VALUES(324,492,5,24,492);
INSERT INTO User_Answers VALUES(325,497,5,25,497);
INSERT INTO User_Answers VALUES(326,500,5,26,500);
INSERT INTO User_Answers VALUES(327,505,5,27,505);
INSERT INTO User_Answers VALUES(328,508,5,28,508);
INSERT INTO User_Answers VALUES(329,513,5,29,513);
INSERT INTO User_Answers VALUES(330,516,5,30,516);
INSERT INTO User_Answers VALUES(331,521,5,31,521);
INSERT INTO User_Answers VALUES(332,524,5,32,524);
INSERT INTO User_Answers VALUES(333,529,5,33,529);
INSERT INTO User_Answers VALUES(334,532,5,34,532);
INSERT INTO User_Answers VALUES(335,537,5,35,537);
INSERT INTO User_Answers VALUES(336,540,5,36,540);
INSERT INTO User_Answers VALUES(337,545,5,37,545);
INSERT INTO User_Answers VALUES(338,548,5,38,548);
INSERT INTO User_Answers VALUES(339,553,5,39,553);
INSERT INTO User_Answers VALUES(340,556,5,40,556);
INSERT INTO User_Answers VALUES(341,561,5,41,561);
INSERT INTO User_Answers VALUES(342,564,5,42,564);
INSERT INTO User_Answers VALUES(343,569,5,43,569);
INSERT INTO User_Answers VALUES(344,572,5,44,572);
INSERT INTO User_Answers VALUES(345,577,5,45,577);
INSERT INTO User_Answers VALUES(346,580,5,46,580);
INSERT INTO User_Answers VALUES(347,585,5,47,585);
INSERT INTO User_Answers VALUES(348,588,5,48,588);
INSERT INTO User_Answers VALUES(349,593,5,49,593);
INSERT INTO User_Answers VALUES(350,596,5,50,596);
INSERT INTO User_Answers VALUES(351,601,5,51,601);
INSERT INTO User_Answers VALUES(352,604,5,52,604);
INSERT INTO User_Answers VALUES(353,609,5,53,609);
INSERT INTO User_Answers VALUES(354,612,5,54,612);
INSERT INTO User_Answers VALUES(355,617,5,55,617);
INSERT INTO User_Answers VALUES(356,620,5,56,620);
INSERT INTO User_Answers VALUES(357,625,5,57,625);
INSERT INTO User_Answers VALUES(358,628,5,58,628);
INSERT INTO User_Answers VALUES(359,633,5,59,633);
INSERT INTO User_Answers VALUES(360,636,5,60,636);
INSERT INTO User_Answers VALUES(361,641,5,61,641);
INSERT INTO User_Answers VALUES(362,644,5,62,644);
INSERT INTO User_Answers VALUES(363,649,5,63,649);
INSERT INTO User_Answers VALUES(364,652,5,64,652);
INSERT INTO User_Answers VALUES(365,657,5,65,657);
INSERT INTO User_Answers VALUES(366,660,5,66,660);
INSERT INTO User_Answers VALUES(367,665,5,67,665);
INSERT INTO User_Answers VALUES(368,668,5,68,668);
INSERT INTO User_Answers VALUES(369,673,5,69,673);
INSERT INTO User_Answers VALUES(370,676,5,70,676);
INSERT INTO User_Answers VALUES(371,681,5,71,681);
INSERT INTO User_Answers VALUES(372,684,5,72,684);
INSERT INTO User_Answers VALUES(373,689,5,73,689);
INSERT INTO User_Answers VALUES(374,692,5,74,692);
INSERT INTO User_Answers VALUES(375,697,5,75,697);
INSERT INTO User_Answers VALUES(376,700,5,76,700);
INSERT INTO User_Answers VALUES(377,705,5,77,705);
INSERT INTO User_Answers VALUES(378,708,5,78,708);
INSERT INTO User_Answers VALUES(379,713,5,79,713);
INSERT INTO User_Answers VALUES(380,716,5,80,716);
INSERT INTO User_Answers VALUES(381,721,5,81,721);
INSERT INTO User_Answers VALUES(382,724,5,82,724);
INSERT INTO User_Answers VALUES(383,729,5,83,729);
INSERT INTO User_Answers VALUES(384,732,5,84,732);
INSERT INTO User_Answers VALUES(385,737,5,85,737);
INSERT INTO User_Answers VALUES(386,740,5,86,740);
INSERT INTO User_Answers VALUES(387,745,5,87,745);
INSERT INTO User_Answers VALUES(388,748,5,88,748);
INSERT INTO User_Answers VALUES(389,753,5,89,753);
INSERT INTO User_Answers VALUES(390,756,5,90,756);
INSERT INTO User_Answers VALUES(391,761,5,91,761);
INSERT INTO User_Answers VALUES(392,764,5,92,764);
INSERT INTO User_Answers VALUES(393,769,5,93,769);
INSERT INTO User_Answers VALUES(394,772,5,94,772);
INSERT INTO User_Answers VALUES(395,777,5,95,777);
INSERT INTO User_Answers VALUES(396,780,5,96,780);
INSERT INTO User_Answers VALUES(397,785,5,97,785);
INSERT INTO User_Answers VALUES(398,788,5,98,788);
INSERT INTO User_Answers VALUES(399,793,5,99,793);
INSERT INTO User_Answers VALUES(400,796,5,100,796);
INSERT INTO User_Answers VALUES(401,1,6,1,1);
INSERT INTO User_Answers VALUES(402,6,6,2,6);
INSERT INTO User_Answers VALUES(403,10,6,3,10);
INSERT INTO User_Answers VALUES(404,13,6,4,13);
INSERT INTO User_Answers VALUES(405,17,6,5,17);
INSERT INTO User_Answers VALUES(406,21,6,6,21);
INSERT INTO User_Answers VALUES(407,25,6,7,25);
INSERT INTO User_Answers VALUES(408,29,6,8,29);
INSERT INTO User_Answers VALUES(409,33,6,9,33);
INSERT INTO User_Answers VALUES(410,37,6,10,37);
INSERT INTO User_Answers VALUES(411,41,6,11,41);
INSERT INTO User_Answers VALUES(412,45,6,12,45);
INSERT INTO User_Answers VALUES(413,49,6,13,49);
INSERT INTO User_Answers VALUES(414,53,6,14,53);
INSERT INTO User_Answers VALUES(415,57,6,15,57);
INSERT INTO User_Answers VALUES(416,61,6,16,61);
INSERT INTO User_Answers VALUES(417,65,6,17,65);
INSERT INTO User_Answers VALUES(418,69,6,18,69);
INSERT INTO User_Answers VALUES(419,73,6,19,73);
INSERT INTO User_Answers VALUES(420,77,6,20,77);
INSERT INTO User_Answers VALUES(421,81,6,21,81);
INSERT INTO User_Answers VALUES(422,85,6,22,85);
INSERT INTO User_Answers VALUES(423,89,6,23,89);
INSERT INTO User_Answers VALUES(424,93,6,24,93);
INSERT INTO User_Answers VALUES(425,97,6,25,97);
INSERT INTO User_Answers VALUES(426,101,6,26,101);
INSERT INTO User_Answers VALUES(427,105,6,27,105);
INSERT INTO User_Answers VALUES(428,109,6,28,109);
INSERT INTO User_Answers VALUES(429,113,6,29,113);
INSERT INTO User_Answers VALUES(430,117,6,30,117);
INSERT INTO User_Answers VALUES(431,121,6,31,121);
INSERT INTO User_Answers VALUES(432,125,6,32,125);
INSERT INTO User_Answers VALUES(433,129,6,33,129);
INSERT INTO User_Answers VALUES(434,133,6,34,133);
INSERT INTO User_Answers VALUES(435,137,6,35,137);
INSERT INTO User_Answers VALUES(436,141,6,36,141);
INSERT INTO User_Answers VALUES(437,145,6,37,145);
INSERT INTO User_Answers VALUES(438,149,6,38,149);
INSERT INTO User_Answers VALUES(439,153,6,39,153);
INSERT INTO User_Answers VALUES(440,157,6,40,157);
INSERT INTO User_Answers VALUES(441,161,6,41,161);
INSERT INTO User_Answers VALUES(442,165,6,42,165);
INSERT INTO User_Answers VALUES(443,169,6,43,169);
INSERT INTO User_Answers VALUES(444,173,6,44,173);
INSERT INTO User_Answers VALUES(445,177,6,45,177);
INSERT INTO User_Answers VALUES(446,181,6,46,181);
INSERT INTO User_Answers VALUES(447,185,6,47,185);
INSERT INTO User_Answers VALUES(448,189,6,48,189);
INSERT INTO User_Answers VALUES(449,193,6,49,193);
INSERT INTO User_Answers VALUES(450,197,6,50,197);
INSERT INTO User_Answers VALUES(451,201,6,51,201);
INSERT INTO User_Answers VALUES(452,205,6,52,205);
INSERT INTO User_Answers VALUES(453,209,6,53,209);
INSERT INTO User_Answers VALUES(454,213,6,54,213);
INSERT INTO User_Answers VALUES(455,217,6,55,217);
INSERT INTO User_Answers VALUES(456,221,6,56,221);
INSERT INTO User_Answers VALUES(457,225,6,57,225);
INSERT INTO User_Answers VALUES(458,229,6,58,229);
INSERT INTO User_Answers VALUES(459,233,6,59,233);
INSERT INTO User_Answers VALUES(460,237,6,60,237);
INSERT INTO User_Answers VALUES(461,241,6,61,241);
INSERT INTO User_Answers VALUES(462,245,6,62,245);
INSERT INTO User_Answers VALUES(463,249,6,63,249);
INSERT INTO User_Answers VALUES(464,253,6,64,253);
INSERT INTO User_Answers VALUES(465,257,6,65,257);
INSERT INTO User_Answers VALUES(466,261,6,66,261);
INSERT INTO User_Answers VALUES(467,265,6,67,265);
INSERT INTO User_Answers VALUES(468,269,6,68,269);
INSERT INTO User_Answers VALUES(469,273,6,69,273);
INSERT INTO User_Answers VALUES(470,277,6,70,277);
INSERT INTO User_Answers VALUES(471,281,6,71,281);
INSERT INTO User_Answers VALUES(472,285,6,72,285);
INSERT INTO User_Answers VALUES(473,289,6,73,289);
INSERT INTO User_Answers VALUES(474,293,6,74,293);
INSERT INTO User_Answers VALUES(475,297,6,75,297);
INSERT INTO User_Answers VALUES(476,301,6,76,301);
INSERT INTO User_Answers VALUES(477,305,6,77,305);
INSERT INTO User_Answers VALUES(478,309,6,78,309);
INSERT INTO User_Answers VALUES(479,313,6,79,313);
INSERT INTO User_Answers VALUES(480,317,6,80,317);
INSERT INTO User_Answers VALUES(481,321,6,81,321);
INSERT INTO User_Answers VALUES(482,325,6,82,325);
INSERT INTO User_Answers VALUES(483,329,6,83,329);
INSERT INTO User_Answers VALUES(484,333,6,84,333);
INSERT INTO User_Answers VALUES(485,337,6,85,337);
INSERT INTO User_Answers VALUES(486,341,6,86,341);
INSERT INTO User_Answers VALUES(487,345,6,87,345);
INSERT INTO User_Answers VALUES(488,349,6,88,349);
INSERT INTO User_Answers VALUES(489,353,6,89,353);
INSERT INTO User_Answers VALUES(490,357,6,90,357);
INSERT INTO User_Answers VALUES(491,361,6,91,361);
INSERT INTO User_Answers VALUES(492,365,6,92,365);
INSERT INTO User_Answers VALUES(493,369,6,93,369);
INSERT INTO User_Answers VALUES(494,373,6,94,373);
INSERT INTO User_Answers VALUES(495,377,6,95,377);
INSERT INTO User_Answers VALUES(496,381,6,96,381);
INSERT INTO User_Answers VALUES(497,385,6,97,385);
INSERT INTO User_Answers VALUES(498,389,6,98,389);
INSERT INTO User_Answers VALUES(499,393,6,99,393);
INSERT INTO User_Answers VALUES(500,397,6,100,397);
INSERT INTO User_Answers VALUES(501,401,6,1,401);
INSERT INTO User_Answers VALUES(502,405,6,2,405);
INSERT INTO User_Answers VALUES(503,409,6,3,409);
INSERT INTO User_Answers VALUES(504,413,6,4,413);
INSERT INTO User_Answers VALUES(505,417,6,5,417);
INSERT INTO User_Answers VALUES(506,421,6,6,421);
INSERT INTO User_Answers VALUES(507,425,6,7,425);
INSERT INTO User_Answers VALUES(508,429,6,8,429);
INSERT INTO User_Answers VALUES(509,433,6,9,433);
INSERT INTO User_Answers VALUES(510,437,6,10,437);
INSERT INTO User_Answers VALUES(511,441,6,11,441);
INSERT INTO User_Answers VALUES(512,445,6,12,445);
INSERT INTO User_Answers VALUES(513,449,6,13,449);
INSERT INTO User_Answers VALUES(514,453,6,14,453);
INSERT INTO User_Answers VALUES(515,457,6,15,457);
INSERT INTO User_Answers VALUES(516,461,6,16,461);
INSERT INTO User_Answers VALUES(517,465,6,17,465);
INSERT INTO User_Answers VALUES(518,469,6,18,469);
INSERT INTO User_Answers VALUES(519,473,6,19,473);
INSERT INTO User_Answers VALUES(520,477,6,20,477);
INSERT INTO User_Answers VALUES(521,481,6,21,481);
INSERT INTO User_Answers VALUES(522,485,6,22,485);
INSERT INTO User_Answers VALUES(523,489,6,23,489);
INSERT INTO User_Answers VALUES(524,493,6,24,493);
INSERT INTO User_Answers VALUES(525,497,6,25,497);
INSERT INTO User_Answers VALUES(526,501,6,26,501);
INSERT INTO User_Answers VALUES(527,505,6,27,505);
INSERT INTO User_Answers VALUES(528,509,6,28,509);
INSERT INTO User_Answers VALUES(529,513,6,29,513);
INSERT INTO User_Answers VALUES(530,517,6,30,517);
INSERT INTO User_Answers VALUES(531,521,6,31,521);
INSERT INTO User_Answers VALUES(532,525,6,32,525);
INSERT INTO User_Answers VALUES(533,529,6,33,529);
INSERT INTO User_Answers VALUES(534,533,6,34,533);
INSERT INTO User_Answers VALUES(535,537,6,35,537);
INSERT INTO User_Answers VALUES(536,541,6,36,541);
INSERT INTO User_Answers VALUES(537,545,6,37,545);
INSERT INTO User_Answers VALUES(538,549,6,38,549);
INSERT INTO User_Answers VALUES(539,553,6,39,553);
INSERT INTO User_Answers VALUES(540,557,6,40,557);
INSERT INTO User_Answers VALUES(541,561,6,41,561);
INSERT INTO User_Answers VALUES(542,565,6,42,565);
INSERT INTO User_Answers VALUES(543,569,6,43,569);
INSERT INTO User_Answers VALUES(544,573,6,44,573);
INSERT INTO User_Answers VALUES(545,577,6,45,577);
INSERT INTO User_Answers VALUES(546,581,6,46,581);
INSERT INTO User_Answers VALUES(547,585,6,47,585);
INSERT INTO User_Answers VALUES(548,589,6,48,589);
INSERT INTO User_Answers VALUES(549,593,6,49,593);
INSERT INTO User_Answers VALUES(550,597,6,50,597);
INSERT INTO User_Answers VALUES(551,601,6,51,601);
INSERT INTO User_Answers VALUES(552,605,6,52,605);
INSERT INTO User_Answers VALUES(553,609,6,53,609);
INSERT INTO User_Answers VALUES(554,613,6,54,613);
INSERT INTO User_Answers VALUES(555,617,6,55,617);
INSERT INTO User_Answers VALUES(556,621,6,56,621);
INSERT INTO User_Answers VALUES(557,625,6,57,625);
INSERT INTO User_Answers VALUES(558,629,6,58,629);
INSERT INTO User_Answers VALUES(559,633,6,59,633);
INSERT INTO User_Answers VALUES(560,637,6,60,637);
INSERT INTO User_Answers VALUES(561,641,6,61,641);
INSERT INTO User_Answers VALUES(562,645,6,62,645);
INSERT INTO User_Answers VALUES(563,649,6,63,649);
INSERT INTO User_Answers VALUES(564,653,6,64,653);
INSERT INTO User_Answers VALUES(565,657,6,65,657);
INSERT INTO User_Answers VALUES(566,661,6,66,661);
INSERT INTO User_Answers VALUES(567,665,6,67,665);
INSERT INTO User_Answers VALUES(568,669,6,68,669);
INSERT INTO User_Answers VALUES(569,673,6,69,673);
INSERT INTO User_Answers VALUES(570,677,6,70,677);
INSERT INTO User_Answers VALUES(571,681,6,71,681);
INSERT INTO User_Answers VALUES(572,685,6,72,685);
INSERT INTO User_Answers VALUES(573,689,6,73,689);
INSERT INTO User_Answers VALUES(574,693,6,74,693);
INSERT INTO User_Answers VALUES(575,697,6,75,697);
INSERT INTO User_Answers VALUES(576,701,6,76,701);
INSERT INTO User_Answers VALUES(577,705,6,77,705);
INSERT INTO User_Answers VALUES(578,709,6,78,709);
INSERT INTO User_Answers VALUES(579,713,6,79,713);
INSERT INTO User_Answers VALUES(580,717,6,80,717);
INSERT INTO User_Answers VALUES(581,721,6,81,721);
INSERT INTO User_Answers VALUES(582,725,6,82,725);
INSERT INTO User_Answers VALUES(583,729,6,83,729);
INSERT INTO User_Answers VALUES(584,733,6,84,733);
INSERT INTO User_Answers VALUES(585,737,6,85,737);
INSERT INTO User_Answers VALUES(586,741,6,86,741);
INSERT INTO User_Answers VALUES(587,745,6,87,745);
INSERT INTO User_Answers VALUES(588,749,6,88,749);
INSERT INTO User_Answers VALUES(589,753,6,89,753);
INSERT INTO User_Answers VALUES(590,757,6,90,757);
INSERT INTO User_Answers VALUES(591,761,6,91,761);
INSERT INTO User_Answers VALUES(592,765,6,92,765);
INSERT INTO User_Answers VALUES(593,769,6,93,769);
INSERT INTO User_Answers VALUES(594,773,6,94,773);
INSERT INTO User_Answers VALUES(595,777,6,95,777);
INSERT INTO User_Answers VALUES(596,781,6,96,781);
INSERT INTO User_Answers VALUES(597,785,6,97,785);
INSERT INTO User_Answers VALUES(598,789,6,98,789);
INSERT INTO User_Answers VALUES(599,793,6,99,793);
INSERT INTO User_Answers VALUES(600,797,6,100,797);
INSERT INTO User_Answers VALUES(601,1,7,1,1);
INSERT INTO User_Answers VALUES(602,6,7,2,6);
INSERT INTO User_Answers VALUES(603,10,7,3,10);
INSERT INTO User_Answers VALUES(604,13,7,4,13);
INSERT INTO User_Answers VALUES(605,17,7,5,17);
INSERT INTO User_Answers VALUES(606,21,7,6,21);
INSERT INTO User_Answers VALUES(607,25,7,7,25);
INSERT INTO User_Answers VALUES(608,29,7,8,29);
INSERT INTO User_Answers VALUES(609,33,7,9,33);
INSERT INTO User_Answers VALUES(610,37,7,10,37);
INSERT INTO User_Answers VALUES(611,41,7,11,41);
INSERT INTO User_Answers VALUES(612,45,7,12,45);
INSERT INTO User_Answers VALUES(613,49,7,13,49);
INSERT INTO User_Answers VALUES(614,53,7,14,53);
INSERT INTO User_Answers VALUES(615,57,7,15,57);
INSERT INTO User_Answers VALUES(616,61,7,16,61);
INSERT INTO User_Answers VALUES(617,65,7,17,65);
INSERT INTO User_Answers VALUES(618,69,7,18,69);
INSERT INTO User_Answers VALUES(619,73,7,19,73);
INSERT INTO User_Answers VALUES(620,77,7,20,77);
INSERT INTO User_Answers VALUES(621,81,7,21,81);
INSERT INTO User_Answers VALUES(622,85,7,22,85);
INSERT INTO User_Answers VALUES(623,89,7,23,89);
INSERT INTO User_Answers VALUES(624,93,7,24,93);
INSERT INTO User_Answers VALUES(625,97,7,25,97);
INSERT INTO User_Answers VALUES(626,101,7,26,101);
INSERT INTO User_Answers VALUES(627,105,7,27,105);
INSERT INTO User_Answers VALUES(628,109,7,28,109);
INSERT INTO User_Answers VALUES(629,113,7,29,113);
INSERT INTO User_Answers VALUES(630,117,7,30,117);
INSERT INTO User_Answers VALUES(631,121,7,31,121);
INSERT INTO User_Answers VALUES(632,125,7,32,125);
INSERT INTO User_Answers VALUES(633,129,7,33,129);
INSERT INTO User_Answers VALUES(634,133,7,34,133);
INSERT INTO User_Answers VALUES(635,137,7,35,137);
INSERT INTO User_Answers VALUES(636,141,7,36,141);
INSERT INTO User_Answers VALUES(637,145,7,37,145);
INSERT INTO User_Answers VALUES(638,149,7,38,149);
INSERT INTO User_Answers VALUES(639,153,7,39,153);
INSERT INTO User_Answers VALUES(640,157,7,40,157);
INSERT INTO User_Answers VALUES(641,161,7,41,161);
INSERT INTO User_Answers VALUES(642,165,7,42,165);
INSERT INTO User_Answers VALUES(643,169,7,43,169);
INSERT INTO User_Answers VALUES(644,173,7,44,173);
INSERT INTO User_Answers VALUES(645,177,7,45,177);
INSERT INTO User_Answers VALUES(646,181,7,46,181);
INSERT INTO User_Answers VALUES(647,185,7,47,185);
INSERT INTO User_Answers VALUES(648,189,7,48,189);
INSERT INTO User_Answers VALUES(649,193,7,49,193);
INSERT INTO User_Answers VALUES(650,197,7,50,197);
INSERT INTO User_Answers VALUES(651,201,7,51,201);
INSERT INTO User_Answers VALUES(652,205,7,52,205);
INSERT INTO User_Answers VALUES(653,209,7,53,209);
INSERT INTO User_Answers VALUES(654,213,7,54,213);
INSERT INTO User_Answers VALUES(655,217,7,55,217);
INSERT INTO User_Answers VALUES(656,221,7,56,221);
INSERT INTO User_Answers VALUES(657,225,7,57,225);
INSERT INTO User_Answers VALUES(658,229,7,58,229);
INSERT INTO User_Answers VALUES(659,233,7,59,233);
INSERT INTO User_Answers VALUES(660,237,7,60,237);
INSERT INTO User_Answers VALUES(661,241,7,61,241);
INSERT INTO User_Answers VALUES(662,245,7,62,245);
INSERT INTO User_Answers VALUES(663,249,7,63,249);
INSERT INTO User_Answers VALUES(664,253,7,64,253);
INSERT INTO User_Answers VALUES(665,257,7,65,257);
INSERT INTO User_Answers VALUES(666,261,7,66,261);
INSERT INTO User_Answers VALUES(667,265,7,67,265);
INSERT INTO User_Answers VALUES(668,269,7,68,269);
INSERT INTO User_Answers VALUES(669,273,7,69,273);
INSERT INTO User_Answers VALUES(670,277,7,70,277);
INSERT INTO User_Answers VALUES(671,281,7,71,281);
INSERT INTO User_Answers VALUES(672,285,7,72,285);
INSERT INTO User_Answers VALUES(673,289,7,73,289);
INSERT INTO User_Answers VALUES(674,293,7,74,293);
INSERT INTO User_Answers VALUES(675,297,7,75,297);
INSERT INTO User_Answers VALUES(676,301,7,76,301);
INSERT INTO User_Answers VALUES(677,305,7,77,305);
INSERT INTO User_Answers VALUES(678,309,7,78,309);
INSERT INTO User_Answers VALUES(679,313,7,79,313);
INSERT INTO User_Answers VALUES(680,317,7,80,317);
INSERT INTO User_Answers VALUES(681,321,7,81,321);
INSERT INTO User_Answers VALUES(682,325,7,82,325);
INSERT INTO User_Answers VALUES(683,329,7,83,329);
INSERT INTO User_Answers VALUES(684,333,7,84,333);
INSERT INTO User_Answers VALUES(685,337,7,85,337);
INSERT INTO User_Answers VALUES(686,341,7,86,341);
INSERT INTO User_Answers VALUES(687,345,7,87,345);
INSERT INTO User_Answers VALUES(688,349,7,88,349);
INSERT INTO User_Answers VALUES(689,353,7,89,353);
INSERT INTO User_Answers VALUES(690,357,7,90,357);
INSERT INTO User_Answers VALUES(691,361,7,91,361);
INSERT INTO User_Answers VALUES(692,365,7,92,365);
INSERT INTO User_Answers VALUES(693,369,7,93,369);
INSERT INTO User_Answers VALUES(694,373,7,94,373);
INSERT INTO User_Answers VALUES(695,377,7,95,377);
INSERT INTO User_Answers VALUES(696,381,7,96,381);
INSERT INTO User_Answers VALUES(697,385,7,97,385);
INSERT INTO User_Answers VALUES(698,389,7,98,389);
INSERT INTO User_Answers VALUES(699,393,7,99,393);
INSERT INTO User_Answers VALUES(700,397,7,100,397);
INSERT INTO User_Answers VALUES(701,401,7,1,401);
INSERT INTO User_Answers VALUES(702,405,7,2,405);
INSERT INTO User_Answers VALUES(703,409,7,3,409);
INSERT INTO User_Answers VALUES(704,413,7,4,413);
INSERT INTO User_Answers VALUES(705,417,7,5,417);
INSERT INTO User_Answers VALUES(706,421,7,6,421);
INSERT INTO User_Answers VALUES(707,425,7,7,425);
INSERT INTO User_Answers VALUES(708,429,7,8,429);
INSERT INTO User_Answers VALUES(709,433,7,9,433);
INSERT INTO User_Answers VALUES(710,437,7,10,437);
INSERT INTO User_Answers VALUES(711,441,7,11,441);
INSERT INTO User_Answers VALUES(712,445,7,12,445);
INSERT INTO User_Answers VALUES(713,449,7,13,449);
INSERT INTO User_Answers VALUES(714,453,7,14,453);
INSERT INTO User_Answers VALUES(715,457,7,15,457);
INSERT INTO User_Answers VALUES(716,461,7,16,461);
INSERT INTO User_Answers VALUES(717,465,7,17,465);
INSERT INTO User_Answers VALUES(718,469,7,18,469);
INSERT INTO User_Answers VALUES(719,473,7,19,473);
INSERT INTO User_Answers VALUES(720,477,7,20,477);
INSERT INTO User_Answers VALUES(721,481,7,21,481);
INSERT INTO User_Answers VALUES(722,485,7,22,485);
INSERT INTO User_Answers VALUES(723,489,7,23,489);
INSERT INTO User_Answers VALUES(724,493,7,24,493);
INSERT INTO User_Answers VALUES(725,497,7,25,497);
INSERT INTO User_Answers VALUES(726,501,7,26,501);
INSERT INTO User_Answers VALUES(727,505,7,27,505);
INSERT INTO User_Answers VALUES(728,509,7,28,509);
INSERT INTO User_Answers VALUES(729,513,7,29,513);
INSERT INTO User_Answers VALUES(730,517,7,30,517);
INSERT INTO User_Answers VALUES(731,521,7,31,521);
INSERT INTO User_Answers VALUES(732,525,7,32,525);
INSERT INTO User_Answers VALUES(733,529,7,33,529);
INSERT INTO User_Answers VALUES(734,533,7,34,533);
INSERT INTO User_Answers VALUES(735,537,7,35,537);
INSERT INTO User_Answers VALUES(736,541,7,36,541);
INSERT INTO User_Answers VALUES(737,545,7,37,545);
INSERT INTO User_Answers VALUES(738,549,7,38,549);
INSERT INTO User_Answers VALUES(739,553,7,39,553);
INSERT INTO User_Answers VALUES(740,557,7,40,557);
INSERT INTO User_Answers VALUES(741,561,7,41,561);
INSERT INTO User_Answers VALUES(742,565,7,42,565);
INSERT INTO User_Answers VALUES(743,569,7,43,569);
INSERT INTO User_Answers VALUES(744,573,7,44,573);
INSERT INTO User_Answers VALUES(745,577,7,45,577);
INSERT INTO User_Answers VALUES(746,581,7,46,581);
INSERT INTO User_Answers VALUES(747,585,7,47,585);
INSERT INTO User_Answers VALUES(748,589,7,48,589);
INSERT INTO User_Answers VALUES(749,593,7,49,593);
INSERT INTO User_Answers VALUES(750,597,7,50,597);
INSERT INTO User_Answers VALUES(751,601,7,51,601);
INSERT INTO User_Answers VALUES(752,605,7,52,605);
INSERT INTO User_Answers VALUES(753,609,7,53,609);
INSERT INTO User_Answers VALUES(754,613,7,54,613);
INSERT INTO User_Answers VALUES(755,617,7,55,617);
INSERT INTO User_Answers VALUES(756,621,7,56,621);
INSERT INTO User_Answers VALUES(757,625,7,57,625);
INSERT INTO User_Answers VALUES(758,629,7,58,629);
INSERT INTO User_Answers VALUES(759,633,7,59,633);
INSERT INTO User_Answers VALUES(760,637,7,60,637);
INSERT INTO User_Answers VALUES(761,641,7,61,641);
INSERT INTO User_Answers VALUES(762,645,7,62,645);
INSERT INTO User_Answers VALUES(763,649,7,63,649);
INSERT INTO User_Answers VALUES(764,653,7,64,653);
INSERT INTO User_Answers VALUES(765,657,7,65,657);
INSERT INTO User_Answers VALUES(766,661,7,66,661);
INSERT INTO User_Answers VALUES(767,665,7,67,665);
INSERT INTO User_Answers VALUES(768,669,7,68,669);
INSERT INTO User_Answers VALUES(769,673,7,69,673);
INSERT INTO User_Answers VALUES(770,677,7,70,677);
INSERT INTO User_Answers VALUES(771,681,7,71,681);
INSERT INTO User_Answers VALUES(772,685,7,72,685);
INSERT INTO User_Answers VALUES(773,689,7,73,689);
INSERT INTO User_Answers VALUES(774,693,7,74,693);
INSERT INTO User_Answers VALUES(775,697,7,75,697);
INSERT INTO User_Answers VALUES(776,701,7,76,701);
INSERT INTO User_Answers VALUES(777,705,7,77,705);
INSERT INTO User_Answers VALUES(778,709,7,78,709);
INSERT INTO User_Answers VALUES(779,713,7,79,713);
INSERT INTO User_Answers VALUES(780,717,7,80,717);
INSERT INTO User_Answers VALUES(781,721,7,81,721);
INSERT INTO User_Answers VALUES(782,725,7,82,725);
INSERT INTO User_Answers VALUES(783,729,7,83,729);
INSERT INTO User_Answers VALUES(784,733,7,84,733);
INSERT INTO User_Answers VALUES(785,737,7,85,737);
INSERT INTO User_Answers VALUES(786,741,7,86,741);
INSERT INTO User_Answers VALUES(787,745,7,87,745);
INSERT INTO User_Answers VALUES(788,749,7,88,749);
INSERT INTO User_Answers VALUES(789,753,7,89,753);
INSERT INTO User_Answers VALUES(790,757,7,90,757);
INSERT INTO User_Answers VALUES(791,761,7,91,761);
INSERT INTO User_Answers VALUES(792,765,7,92,765);
INSERT INTO User_Answers VALUES(793,769,7,93,769);
INSERT INTO User_Answers VALUES(794,773,7,94,773);
INSERT INTO User_Answers VALUES(795,777,7,95,777);
INSERT INTO User_Answers VALUES(796,781,7,96,781);
INSERT INTO User_Answers VALUES(797,785,7,97,785);
INSERT INTO User_Answers VALUES(798,789,7,98,789);
INSERT INTO User_Answers VALUES(799,793,7,99,793);
INSERT INTO User_Answers VALUES(800,797,7,100,797);
INSERT INTO User_Answers VALUES(801,1,8,1,1);
INSERT INTO User_Answers VALUES(802,6,8,2,6);
INSERT INTO User_Answers VALUES(803,10,8,3,10);
INSERT INTO User_Answers VALUES(804,13,8,4,13);
INSERT INTO User_Answers VALUES(805,17,8,5,17);
INSERT INTO User_Answers VALUES(806,21,8,6,21);
INSERT INTO User_Answers VALUES(807,25,8,7,25);
INSERT INTO User_Answers VALUES(808,29,8,8,29);
INSERT INTO User_Answers VALUES(809,33,8,9,33);
INSERT INTO User_Answers VALUES(810,37,8,10,37);
INSERT INTO User_Answers VALUES(811,41,8,11,41);
INSERT INTO User_Answers VALUES(812,45,8,12,45);
INSERT INTO User_Answers VALUES(813,49,8,13,49);
INSERT INTO User_Answers VALUES(814,53,8,14,53);
INSERT INTO User_Answers VALUES(815,57,8,15,57);
INSERT INTO User_Answers VALUES(816,61,8,16,61);
INSERT INTO User_Answers VALUES(817,65,8,17,65);
INSERT INTO User_Answers VALUES(818,69,8,18,69);
INSERT INTO User_Answers VALUES(819,73,8,19,73);
INSERT INTO User_Answers VALUES(820,77,8,20,77);
INSERT INTO User_Answers VALUES(821,81,8,21,81);
INSERT INTO User_Answers VALUES(822,85,8,22,85);
INSERT INTO User_Answers VALUES(823,89,8,23,89);
INSERT INTO User_Answers VALUES(824,93,8,24,93);
INSERT INTO User_Answers VALUES(825,97,8,25,97);
INSERT INTO User_Answers VALUES(826,101,8,26,101);
INSERT INTO User_Answers VALUES(827,105,8,27,105);
INSERT INTO User_Answers VALUES(828,109,8,28,109);
INSERT INTO User_Answers VALUES(829,113,8,29,113);
INSERT INTO User_Answers VALUES(830,117,8,30,117);
INSERT INTO User_Answers VALUES(831,121,8,31,121);
INSERT INTO User_Answers VALUES(832,125,8,32,125);
INSERT INTO User_Answers VALUES(833,129,8,33,129);
INSERT INTO User_Answers VALUES(834,133,8,34,133);
INSERT INTO User_Answers VALUES(835,137,8,35,137);
INSERT INTO User_Answers VALUES(836,141,8,36,141);
INSERT INTO User_Answers VALUES(837,145,8,37,145);
INSERT INTO User_Answers VALUES(838,149,8,38,149);
INSERT INTO User_Answers VALUES(839,153,8,39,153);
INSERT INTO User_Answers VALUES(840,157,8,40,157);
INSERT INTO User_Answers VALUES(841,161,8,41,161);
INSERT INTO User_Answers VALUES(842,165,8,42,165);
INSERT INTO User_Answers VALUES(843,169,8,43,169);
INSERT INTO User_Answers VALUES(844,173,8,44,173);
INSERT INTO User_Answers VALUES(845,177,8,45,177);
INSERT INTO User_Answers VALUES(846,181,8,46,181);
INSERT INTO User_Answers VALUES(847,185,8,47,185);
INSERT INTO User_Answers VALUES(848,189,8,48,189);
INSERT INTO User_Answers VALUES(849,193,8,49,193);
INSERT INTO User_Answers VALUES(850,197,8,50,197);
INSERT INTO User_Answers VALUES(851,201,8,51,201);
INSERT INTO User_Answers VALUES(852,205,8,52,205);
INSERT INTO User_Answers VALUES(853,209,8,53,209);
INSERT INTO User_Answers VALUES(854,213,8,54,213);
INSERT INTO User_Answers VALUES(855,217,8,55,217);
INSERT INTO User_Answers VALUES(856,221,8,56,221);
INSERT INTO User_Answers VALUES(857,225,8,57,225);
INSERT INTO User_Answers VALUES(858,229,8,58,229);
INSERT INTO User_Answers VALUES(859,233,8,59,233);
INSERT INTO User_Answers VALUES(860,237,8,60,237);
INSERT INTO User_Answers VALUES(861,241,8,61,241);
INSERT INTO User_Answers VALUES(862,245,8,62,245);
INSERT INTO User_Answers VALUES(863,249,8,63,249);
INSERT INTO User_Answers VALUES(864,253,8,64,253);
INSERT INTO User_Answers VALUES(865,257,8,65,257);
INSERT INTO User_Answers VALUES(866,261,8,66,261);
INSERT INTO User_Answers VALUES(867,265,8,67,265);
INSERT INTO User_Answers VALUES(868,269,8,68,269);
INSERT INTO User_Answers VALUES(869,273,8,69,273);
INSERT INTO User_Answers VALUES(870,277,8,70,277);
INSERT INTO User_Answers VALUES(871,281,8,71,281);
INSERT INTO User_Answers VALUES(872,285,8,72,285);
INSERT INTO User_Answers VALUES(873,289,8,73,289);
INSERT INTO User_Answers VALUES(874,293,8,74,293);
INSERT INTO User_Answers VALUES(875,297,8,75,297);
INSERT INTO User_Answers VALUES(876,301,8,76,301);
INSERT INTO User_Answers VALUES(877,305,8,77,305);
INSERT INTO User_Answers VALUES(878,309,8,78,309);
INSERT INTO User_Answers VALUES(879,313,8,79,313);
INSERT INTO User_Answers VALUES(880,317,8,80,317);
INSERT INTO User_Answers VALUES(881,321,8,81,321);
INSERT INTO User_Answers VALUES(882,325,8,82,325);
INSERT INTO User_Answers VALUES(883,329,8,83,329);
INSERT INTO User_Answers VALUES(884,333,8,84,333);
INSERT INTO User_Answers VALUES(885,337,8,85,337);
INSERT INTO User_Answers VALUES(886,341,8,86,341);
INSERT INTO User_Answers VALUES(887,345,8,87,345);
INSERT INTO User_Answers VALUES(888,349,8,88,349);
INSERT INTO User_Answers VALUES(889,353,8,89,353);
INSERT INTO User_Answers VALUES(890,357,8,90,357);
INSERT INTO User_Answers VALUES(891,361,8,91,361);
INSERT INTO User_Answers VALUES(892,365,8,92,365);
INSERT INTO User_Answers VALUES(893,369,8,93,369);
INSERT INTO User_Answers VALUES(894,373,8,94,373);
INSERT INTO User_Answers VALUES(895,377,8,95,377);
INSERT INTO User_Answers VALUES(896,381,8,96,381);
INSERT INTO User_Answers VALUES(897,385,8,97,385);
INSERT INTO User_Answers VALUES(898,389,8,98,389);
INSERT INTO User_Answers VALUES(899,393,8,99,393);
INSERT INTO User_Answers VALUES(900,397,8,100,397);
INSERT INTO User_Answers VALUES(901,401,8,1,401);
INSERT INTO User_Answers VALUES(902,405,8,2,405);
INSERT INTO User_Answers VALUES(903,409,8,3,409);
INSERT INTO User_Answers VALUES(904,413,8,4,413);
INSERT INTO User_Answers VALUES(905,417,8,5,417);
INSERT INTO User_Answers VALUES(906,421,8,6,421);
INSERT INTO User_Answers VALUES(907,425,8,7,425);
INSERT INTO User_Answers VALUES(908,429,8,8,429);
INSERT INTO User_Answers VALUES(909,433,8,9,433);
INSERT INTO User_Answers VALUES(910,437,8,10,437);
INSERT INTO User_Answers VALUES(911,441,8,11,441);
INSERT INTO User_Answers VALUES(912,445,8,12,445);
INSERT INTO User_Answers VALUES(913,449,8,13,449);
INSERT INTO User_Answers VALUES(914,453,8,14,453);
INSERT INTO User_Answers VALUES(915,457,8,15,457);
INSERT INTO User_Answers VALUES(916,461,8,16,461);
INSERT INTO User_Answers VALUES(917,465,8,17,465);
INSERT INTO User_Answers VALUES(918,469,8,18,469);
INSERT INTO User_Answers VALUES(919,473,8,19,473);
INSERT INTO User_Answers VALUES(920,477,8,20,477);
INSERT INTO User_Answers VALUES(921,481,8,21,481);
INSERT INTO User_Answers VALUES(922,485,8,22,485);
INSERT INTO User_Answers VALUES(923,489,8,23,489);
INSERT INTO User_Answers VALUES(924,493,8,24,493);
INSERT INTO User_Answers VALUES(925,497,8,25,497);
INSERT INTO User_Answers VALUES(926,501,8,26,501);
INSERT INTO User_Answers VALUES(927,505,8,27,505);
INSERT INTO User_Answers VALUES(928,509,8,28,509);
INSERT INTO User_Answers VALUES(929,513,8,29,513);
INSERT INTO User_Answers VALUES(930,517,8,30,517);
INSERT INTO User_Answers VALUES(931,521,8,31,521);
INSERT INTO User_Answers VALUES(932,525,8,32,525);
INSERT INTO User_Answers VALUES(933,529,8,33,529);
INSERT INTO User_Answers VALUES(934,533,8,34,533);
INSERT INTO User_Answers VALUES(935,537,8,35,537);
INSERT INTO User_Answers VALUES(936,541,8,36,541);
INSERT INTO User_Answers VALUES(937,545,8,37,545);
INSERT INTO User_Answers VALUES(938,549,8,38,549);
INSERT INTO User_Answers VALUES(939,553,8,39,553);
INSERT INTO User_Answers VALUES(940,557,8,40,557);
INSERT INTO User_Answers VALUES(941,561,8,41,561);
INSERT INTO User_Answers VALUES(942,565,8,42,565);
INSERT INTO User_Answers VALUES(943,569,8,43,569);
INSERT INTO User_Answers VALUES(944,573,8,44,573);
INSERT INTO User_Answers VALUES(945,577,8,45,577);
INSERT INTO User_Answers VALUES(946,581,8,46,581);
INSERT INTO User_Answers VALUES(947,585,8,47,585);
INSERT INTO User_Answers VALUES(948,589,8,48,589);
INSERT INTO User_Answers VALUES(949,593,8,49,593);
INSERT INTO User_Answers VALUES(950,597,8,50,597);
INSERT INTO User_Answers VALUES(951,601,8,51,601);
INSERT INTO User_Answers VALUES(952,605,8,52,605);
INSERT INTO User_Answers VALUES(953,609,8,53,609);
INSERT INTO User_Answers VALUES(954,613,8,54,613);
INSERT INTO User_Answers VALUES(955,617,8,55,617);
INSERT INTO User_Answers VALUES(956,621,8,56,621);
INSERT INTO User_Answers VALUES(957,625,8,57,625);
INSERT INTO User_Answers VALUES(958,629,8,58,629);
INSERT INTO User_Answers VALUES(959,633,8,59,633);
INSERT INTO User_Answers VALUES(960,637,8,60,637);
INSERT INTO User_Answers VALUES(961,641,8,61,641);
INSERT INTO User_Answers VALUES(962,645,8,62,645);
INSERT INTO User_Answers VALUES(963,649,8,63,649);
INSERT INTO User_Answers VALUES(964,653,8,64,653);
INSERT INTO User_Answers VALUES(965,657,8,65,657);
INSERT INTO User_Answers VALUES(966,661,8,66,661);
INSERT INTO User_Answers VALUES(967,665,8,67,665);
INSERT INTO User_Answers VALUES(968,669,8,68,669);
INSERT INTO User_Answers VALUES(969,673,8,69,673);
INSERT INTO User_Answers VALUES(970,677,8,70,677);
INSERT INTO User_Answers VALUES(971,681,8,71,681);
INSERT INTO User_Answers VALUES(972,685,8,72,685);
INSERT INTO User_Answers VALUES(973,689,8,73,689);
INSERT INTO User_Answers VALUES(974,693,8,74,693);
INSERT INTO User_Answers VALUES(975,697,8,75,697);
INSERT INTO User_Answers VALUES(976,701,8,76,701);
INSERT INTO User_Answers VALUES(977,705,8,77,705);
INSERT INTO User_Answers VALUES(978,709,8,78,709);
INSERT INTO User_Answers VALUES(979,713,8,79,713);
INSERT INTO User_Answers VALUES(980,717,8,80,717);
INSERT INTO User_Answers VALUES(981,721,8,81,721);
INSERT INTO User_Answers VALUES(982,725,8,82,725);
INSERT INTO User_Answers VALUES(983,729,8,83,729);
INSERT INTO User_Answers VALUES(984,733,8,84,733);
INSERT INTO User_Answers VALUES(985,737,8,85,737);
INSERT INTO User_Answers VALUES(986,741,8,86,741);
INSERT INTO User_Answers VALUES(987,745,8,87,745);
INSERT INTO User_Answers VALUES(988,749,8,88,749);
INSERT INTO User_Answers VALUES(989,753,8,89,753);
INSERT INTO User_Answers VALUES(990,757,8,90,757);
INSERT INTO User_Answers VALUES(991,761,8,91,761);
INSERT INTO User_Answers VALUES(992,765,8,92,765);
INSERT INTO User_Answers VALUES(993,769,8,93,769);
INSERT INTO User_Answers VALUES(994,773,8,94,773);
INSERT INTO User_Answers VALUES(995,777,8,95,777);
INSERT INTO User_Answers VALUES(996,781,8,96,781);
INSERT INTO User_Answers VALUES(997,785,8,97,785);
INSERT INTO User_Answers VALUES(998,789,8,98,789);
INSERT INTO User_Answers VALUES(999,793,8,99,793);
INSERT INTO User_Answers VALUES(1000,797,8,100,797);
INSERT INTO User_Answers VALUES(1001,1,9,1,1);
INSERT INTO User_Answers VALUES(1002,6,9,2,6);
INSERT INTO User_Answers VALUES(1003,10,9,3,10);
INSERT INTO User_Answers VALUES(1004,13,9,4,13);
INSERT INTO User_Answers VALUES(1005,17,9,5,17);
INSERT INTO User_Answers VALUES(1006,21,9,6,21);
INSERT INTO User_Answers VALUES(1007,25,9,7,25);
INSERT INTO User_Answers VALUES(1008,29,9,8,29);
INSERT INTO User_Answers VALUES(1009,33,9,9,33);
INSERT INTO User_Answers VALUES(1010,37,9,10,37);
INSERT INTO User_Answers VALUES(1011,41,9,11,41);
INSERT INTO User_Answers VALUES(1012,45,9,12,45);
INSERT INTO User_Answers VALUES(1013,49,9,13,49);
INSERT INTO User_Answers VALUES(1014,53,9,14,53);
INSERT INTO User_Answers VALUES(1015,57,9,15,57);
INSERT INTO User_Answers VALUES(1016,61,9,16,61);
INSERT INTO User_Answers VALUES(1017,65,9,17,65);
INSERT INTO User_Answers VALUES(1018,69,9,18,69);
INSERT INTO User_Answers VALUES(1019,73,9,19,73);
INSERT INTO User_Answers VALUES(1020,77,9,20,77);
INSERT INTO User_Answers VALUES(1021,81,9,21,81);
INSERT INTO User_Answers VALUES(1022,85,9,22,85);
INSERT INTO User_Answers VALUES(1023,89,9,23,89);
INSERT INTO User_Answers VALUES(1024,93,9,24,93);
INSERT INTO User_Answers VALUES(1025,97,9,25,97);
INSERT INTO User_Answers VALUES(1026,101,9,26,101);
INSERT INTO User_Answers VALUES(1027,105,9,27,105);
INSERT INTO User_Answers VALUES(1028,109,9,28,109);
INSERT INTO User_Answers VALUES(1029,113,9,29,113);
INSERT INTO User_Answers VALUES(1030,117,9,30,117);
INSERT INTO User_Answers VALUES(1031,121,9,31,121);
INSERT INTO User_Answers VALUES(1032,125,9,32,125);
INSERT INTO User_Answers VALUES(1033,129,9,33,129);
INSERT INTO User_Answers VALUES(1034,133,9,34,133);
INSERT INTO User_Answers VALUES(1035,137,9,35,137);
INSERT INTO User_Answers VALUES(1036,141,9,36,141);
INSERT INTO User_Answers VALUES(1037,145,9,37,145);
INSERT INTO User_Answers VALUES(1038,149,9,38,149);
INSERT INTO User_Answers VALUES(1039,153,9,39,153);
INSERT INTO User_Answers VALUES(1040,157,9,40,157);
INSERT INTO User_Answers VALUES(1041,161,9,41,161);
INSERT INTO User_Answers VALUES(1042,165,9,42,165);
INSERT INTO User_Answers VALUES(1043,169,9,43,169);
INSERT INTO User_Answers VALUES(1044,173,9,44,173);
INSERT INTO User_Answers VALUES(1045,177,9,45,177);
INSERT INTO User_Answers VALUES(1046,181,9,46,181);
INSERT INTO User_Answers VALUES(1047,185,9,47,185);
INSERT INTO User_Answers VALUES(1048,189,9,48,189);
INSERT INTO User_Answers VALUES(1049,193,9,49,193);
INSERT INTO User_Answers VALUES(1050,197,9,50,197);
INSERT INTO User_Answers VALUES(1051,201,9,51,201);
INSERT INTO User_Answers VALUES(1052,205,9,52,205);
INSERT INTO User_Answers VALUES(1053,209,9,53,209);
INSERT INTO User_Answers VALUES(1054,213,9,54,213);
INSERT INTO User_Answers VALUES(1055,217,9,55,217);
INSERT INTO User_Answers VALUES(1056,221,9,56,221);
INSERT INTO User_Answers VALUES(1057,225,9,57,225);
INSERT INTO User_Answers VALUES(1058,229,9,58,229);
INSERT INTO User_Answers VALUES(1059,233,9,59,233);
INSERT INTO User_Answers VALUES(1060,237,9,60,237);
INSERT INTO User_Answers VALUES(1061,241,9,61,241);
INSERT INTO User_Answers VALUES(1062,245,9,62,245);
INSERT INTO User_Answers VALUES(1063,249,9,63,249);
INSERT INTO User_Answers VALUES(1064,253,9,64,253);
INSERT INTO User_Answers VALUES(1065,257,9,65,257);
INSERT INTO User_Answers VALUES(1066,261,9,66,261);
INSERT INTO User_Answers VALUES(1067,265,9,67,265);
INSERT INTO User_Answers VALUES(1068,269,9,68,269);
INSERT INTO User_Answers VALUES(1069,273,9,69,273);
INSERT INTO User_Answers VALUES(1070,277,9,70,277);
INSERT INTO User_Answers VALUES(1071,281,9,71,281);
INSERT INTO User_Answers VALUES(1072,285,9,72,285);
INSERT INTO User_Answers VALUES(1073,289,9,73,289);
INSERT INTO User_Answers VALUES(1074,293,9,74,293);
INSERT INTO User_Answers VALUES(1075,297,9,75,297);
INSERT INTO User_Answers VALUES(1076,301,9,76,301);
INSERT INTO User_Answers VALUES(1077,305,9,77,305);
INSERT INTO User_Answers VALUES(1078,309,9,78,309);
INSERT INTO User_Answers VALUES(1079,313,9,79,313);
INSERT INTO User_Answers VALUES(1080,317,9,80,317);
INSERT INTO User_Answers VALUES(1081,321,9,81,321);
INSERT INTO User_Answers VALUES(1082,325,9,82,325);
INSERT INTO User_Answers VALUES(1083,329,9,83,329);
INSERT INTO User_Answers VALUES(1084,333,9,84,333);
INSERT INTO User_Answers VALUES(1085,337,9,85,337);
INSERT INTO User_Answers VALUES(1086,341,9,86,341);
INSERT INTO User_Answers VALUES(1087,345,9,87,345);
INSERT INTO User_Answers VALUES(1088,349,9,88,349);
INSERT INTO User_Answers VALUES(1089,353,9,89,353);
INSERT INTO User_Answers VALUES(1090,357,9,90,357);
INSERT INTO User_Answers VALUES(1091,361,9,91,361);
INSERT INTO User_Answers VALUES(1092,365,9,92,365);
INSERT INTO User_Answers VALUES(1093,369,9,93,369);
INSERT INTO User_Answers VALUES(1094,373,9,94,373);
INSERT INTO User_Answers VALUES(1095,377,9,95,377);
INSERT INTO User_Answers VALUES(1096,381,9,96,381);
INSERT INTO User_Answers VALUES(1097,385,9,97,385);
INSERT INTO User_Answers VALUES(1098,389,9,98,389);
INSERT INTO User_Answers VALUES(1099,393,9,99,393);
INSERT INTO User_Answers VALUES(1100,397,9,100,397);
INSERT INTO User_Answers VALUES(1101,401,9,1,401);
INSERT INTO User_Answers VALUES(1102,405,9,2,405);
INSERT INTO User_Answers VALUES(1103,409,9,3,409);
INSERT INTO User_Answers VALUES(1104,413,9,4,413);
INSERT INTO User_Answers VALUES(1105,417,9,5,417);
INSERT INTO User_Answers VALUES(1106,421,9,6,421);
INSERT INTO User_Answers VALUES(1107,425,9,7,425);
INSERT INTO User_Answers VALUES(1108,429,9,8,429);
INSERT INTO User_Answers VALUES(1109,433,9,9,433);
INSERT INTO User_Answers VALUES(1110,437,9,10,437);
INSERT INTO User_Answers VALUES(1111,441,9,11,441);
INSERT INTO User_Answers VALUES(1112,445,9,12,445);
INSERT INTO User_Answers VALUES(1113,449,9,13,449);
INSERT INTO User_Answers VALUES(1114,453,9,14,453);
INSERT INTO User_Answers VALUES(1115,457,9,15,457);
INSERT INTO User_Answers VALUES(1116,461,9,16,461);
INSERT INTO User_Answers VALUES(1117,465,9,17,465);
INSERT INTO User_Answers VALUES(1118,469,9,18,469);
INSERT INTO User_Answers VALUES(1119,473,9,19,473);
INSERT INTO User_Answers VALUES(1120,477,9,20,477);
INSERT INTO User_Answers VALUES(1121,481,9,21,481);
INSERT INTO User_Answers VALUES(1122,485,9,22,485);
INSERT INTO User_Answers VALUES(1123,489,9,23,489);
INSERT INTO User_Answers VALUES(1124,493,9,24,493);
INSERT INTO User_Answers VALUES(1125,497,9,25,497);
INSERT INTO User_Answers VALUES(1126,501,9,26,501);
INSERT INTO User_Answers VALUES(1127,505,9,27,505);
INSERT INTO User_Answers VALUES(1128,509,9,28,509);
INSERT INTO User_Answers VALUES(1129,513,9,29,513);
INSERT INTO User_Answers VALUES(1130,517,9,30,517);
INSERT INTO User_Answers VALUES(1131,521,9,31,521);
INSERT INTO User_Answers VALUES(1132,525,9,32,525);
INSERT INTO User_Answers VALUES(1133,529,9,33,529);
INSERT INTO User_Answers VALUES(1134,533,9,34,533);
INSERT INTO User_Answers VALUES(1135,537,9,35,537);
INSERT INTO User_Answers VALUES(1136,541,9,36,541);
INSERT INTO User_Answers VALUES(1137,545,9,37,545);
INSERT INTO User_Answers VALUES(1138,549,9,38,549);
INSERT INTO User_Answers VALUES(1139,553,9,39,553);
INSERT INTO User_Answers VALUES(1140,557,9,40,557);
INSERT INTO User_Answers VALUES(1141,561,9,41,561);
INSERT INTO User_Answers VALUES(1142,565,9,42,565);
INSERT INTO User_Answers VALUES(1143,569,9,43,569);
INSERT INTO User_Answers VALUES(1144,573,9,44,573);
INSERT INTO User_Answers VALUES(1145,577,9,45,577);
INSERT INTO User_Answers VALUES(1146,581,9,46,581);
INSERT INTO User_Answers VALUES(1147,585,9,47,585);
INSERT INTO User_Answers VALUES(1148,589,9,48,589);
INSERT INTO User_Answers VALUES(1149,593,9,49,593);
INSERT INTO User_Answers VALUES(1150,597,9,50,597);
INSERT INTO User_Answers VALUES(1151,601,9,51,601);
INSERT INTO User_Answers VALUES(1152,605,9,52,605);
INSERT INTO User_Answers VALUES(1153,609,9,53,609);
INSERT INTO User_Answers VALUES(1154,613,9,54,613);
INSERT INTO User_Answers VALUES(1155,617,9,55,617);
INSERT INTO User_Answers VALUES(1156,621,9,56,621);
INSERT INTO User_Answers VALUES(1157,625,9,57,625);
INSERT INTO User_Answers VALUES(1158,629,9,58,629);
INSERT INTO User_Answers VALUES(1159,633,9,59,633);
INSERT INTO User_Answers VALUES(1160,637,9,60,637);
INSERT INTO User_Answers VALUES(1161,641,9,61,641);
INSERT INTO User_Answers VALUES(1162,645,9,62,645);
INSERT INTO User_Answers VALUES(1163,649,9,63,649);
INSERT INTO User_Answers VALUES(1164,653,9,64,653);
INSERT INTO User_Answers VALUES(1165,657,9,65,657);
INSERT INTO User_Answers VALUES(1166,661,9,66,661);
INSERT INTO User_Answers VALUES(1167,665,9,67,665);
INSERT INTO User_Answers VALUES(1168,669,9,68,669);
INSERT INTO User_Answers VALUES(1169,673,9,69,673);
INSERT INTO User_Answers VALUES(1170,677,9,70,677);
INSERT INTO User_Answers VALUES(1171,681,9,71,681);
INSERT INTO User_Answers VALUES(1172,685,9,72,685);
INSERT INTO User_Answers VALUES(1173,689,9,73,689);
INSERT INTO User_Answers VALUES(1174,693,9,74,693);
INSERT INTO User_Answers VALUES(1175,697,9,75,697);
INSERT INTO User_Answers VALUES(1176,701,9,76,701);
INSERT INTO User_Answers VALUES(1177,705,9,77,705);
INSERT INTO User_Answers VALUES(1178,709,9,78,709);
INSERT INTO User_Answers VALUES(1179,713,9,79,713);
INSERT INTO User_Answers VALUES(1180,717,9,80,717);
INSERT INTO User_Answers VALUES(1181,721,9,81,721);
INSERT INTO User_Answers VALUES(1182,725,9,82,725);
INSERT INTO User_Answers VALUES(1183,729,9,83,729);
INSERT INTO User_Answers VALUES(1184,733,9,84,733);
INSERT INTO User_Answers VALUES(1185,737,9,85,737);
INSERT INTO User_Answers VALUES(1186,741,9,86,741);
INSERT INTO User_Answers VALUES(1187,745,9,87,745);
INSERT INTO User_Answers VALUES(1188,749,9,88,749);
INSERT INTO User_Answers VALUES(1189,753,9,89,753);
INSERT INTO User_Answers VALUES(1190,757,9,90,757);
INSERT INTO User_Answers VALUES(1191,761,9,91,761);
INSERT INTO User_Answers VALUES(1192,765,9,92,765);
INSERT INTO User_Answers VALUES(1193,769,9,93,769);
INSERT INTO User_Answers VALUES(1194,773,9,94,773);
INSERT INTO User_Answers VALUES(1195,777,9,95,777);
INSERT INTO User_Answers VALUES(1196,781,9,96,781);
INSERT INTO User_Answers VALUES(1197,785,9,97,785);
INSERT INTO User_Answers VALUES(1198,789,9,98,789);
INSERT INTO User_Answers VALUES(1199,793,9,99,793);
INSERT INTO User_Answers VALUES(1200,797,9,100,797);
DELETE FROM sqlite_sequence;
INSERT INTO sqlite_sequence VALUES('Quizzes',16);
INSERT INTO sqlite_sequence VALUES('Questions',208);
INSERT INTO sqlite_sequence VALUES('Answers',805);
INSERT INTO sqlite_sequence VALUES('Users',29);
INSERT INTO sqlite_sequence VALUES('Scores',105);
INSERT INTO sqlite_sequence VALUES('User_Answers',1200);
COMMIT;
